Time,Price,Qty,RSI
2019-11-17 21:09:27.780,8559.39,0.060056,50.0
2019-11-17 21:09:27.988,8559.57,0.113382,50.0
2019-11-17 21:09:28.149,8559.39,0.01156,50.0
2019-11-17 21:09:28.373,8559.39,0.002337,50.0
2019-11-17 21:09:28.429,8559.39,0.131287,50.0
2019-11-17 21:09:28.593,8559.39,0.060013,50.0
2019-11-17 21:09:28.861,8559.39,0.131287,50.0
2019-11-17 21:09:29.021,8559.39,0.131287,50.0
2019-11-17 21:09:29.040,8559.39,0.001409,50.0
2019-11-17 21:09:29.400,8559.39,0.060045,50.0
2019-11-17 21:09:30.215,8559.39,0.060064,50.0
2019-11-17 21:09:31.030,8559.39,0.06007,50.0
2019-11-17 21:09:31.529,8559.39,0.083,50.0
2019-11-17 21:09:31.844,8559.39,0.060102,50.0
2019-11-17 21:09:32.500,8559.39,0.1,50.0
2019-11-17 21:09:32.606,8559.39,0.060074,50.0
2019-11-17 21:09:33.284,8559.39,0.011722,50.0
2019-11-17 21:09:33.375,8559.39,0.060121,50.0
2019-11-17 21:09:33.660,8559.39,0.035854,50.0
2019-11-17 21:09:33.660,8559.0,0.004465,50.0
2019-11-17 21:09:33.660,8558.21,0.759681,50.0
2019-11-17 21:09:33.680,8558.21,0.1,50.0
2019-11-17 21:09:34.171,8558.23,0.011561,50.0
2019-11-17 21:09:34.612,8559.28,0.002,50.0
2019-11-17 21:09:34.826,8558.97,0.002335,50.0
2019-11-17 21:09:34.961,8558.94,0.052558,50.0
2019-11-17 21:09:35.041,8558.92,0.002336,50.0
2019-11-17 21:09:35.130,8558.9,0.063979,50.0
2019-11-17 21:09:35.130,8558.91,0.135107,50.0
2019-11-17 21:09:35.130,8558.91,0.290914,50.0
2019-11-17 21:09:35.208,8558.12,0.032714,50.0
2019-11-17 21:09:35.208,8558.11,0.005842,50.0
2019-11-17 21:09:35.208,8557.87,0.108955,50.0
2019-11-17 21:09:35.241,8558.87,0.125037,50.0
2019-11-17 21:09:35.241,8558.88,0.01007,50.0
2019-11-17 21:09:35.354,8558.85,0.076774,50.0
2019-11-17 21:09:35.354,8558.86,0.060024,50.0
2019-11-17 21:09:35.354,8558.87,0.268095,50.0
2019-11-17 21:09:36.117,8558.72,0.009026,50.0
2019-11-17 21:09:36.795,8557.9,0.032714,50.0
2019-11-17 21:09:36.795,8557.89,0.212724,50.0
2019-11-17 21:09:36.795,8557.7,0.554562,50.0
2019-11-17 21:09:36.799,8557.7,0.025438,50.0
2019-11-17 21:09:36.799,8556.95,0.03894,50.0
2019-11-17 21:09:36.799,8556.94,0.035622,50.0
2019-11-17 21:09:36.799,8556.94,0.011659,50.0
2019-11-17 21:09:36.800,8556.94,0.133759,50.0
2019-11-17 21:09:37.081,8558.61,0.005949,50.0
2019-11-17 21:09:37.244,8557.0,0.001368,50.0
2019-11-17 21:09:37.398,8558.47,0.002024,50.0
2019-11-17 21:09:38.200,8558.24,0.002071,50.0
2019-11-17 21:09:39.163,8558.04,0.026765,50.0
2019-11-17 21:09:39.163,8558.05,0.125577,50.0
2019-11-17 21:09:39.163,8558.06,0.472379,50.0
2019-11-17 21:09:40.301,8557.02,0.155855,50.0
2019-11-17 21:09:40.301,8557.02,0.032717,50.0
2019-11-17 21:09:40.323,8556.54,0.002455,50.0
2019-11-17 21:09:40.323,8556.41,0.035046,50.0
2019-11-17 21:09:40.323,8556.4,0.25284,50.0
2019-11-17 21:09:40.323,8555.76,0.008617,50.0
2019-11-17 21:09:40.441,8556.42,0.011563,50.0
2019-11-17 21:09:40.509,8557.88,0.032983,50.0
2019-11-17 21:09:40.643,8557.82,0.011026,50.0
2019-11-17 21:09:40.856,8556.42,0.011788,50.0
2019-11-17 21:09:40.868,8556.42,1.8e-05,50.0
2019-11-17 21:09:40.868,8555.82,0.011547,50.0
2019-11-17 21:09:40.934,8555.83,0.002337,50.0
2019-11-17 21:09:41.146,8557.55,0.002336,50.0
2019-11-17 21:09:41.254,8557.46,0.008,50.0
2019-11-17 21:09:41.356,8557.42,0.009163,50.0
2019-11-17 21:09:41.473,8556.3,0.002071,50.0
2019-11-17 21:09:41.604,8556.28,0.031746,50.0
2019-11-17 21:09:41.708,8555.83,0.023129,50.0
2019-11-17 21:09:42.118,8555.83,0.00724,50.0
2019-11-17 21:09:42.238,8555.83,1.3e-05,50.0
2019-11-17 21:09:42.238,8555.51,0.002324,50.0
2019-11-17 21:09:42.518,8555.51,0.000131,50.0
2019-11-17 21:09:42.518,8555.45,0.002455,50.0
2019-11-17 21:09:42.518,8554.77,0.021414,50.0
2019-11-17 21:09:42.542,8555.81,0.31109,50.0
2019-11-17 21:09:42.553,8556.01,0.008483,50.0
2019-11-17 21:09:43.450,8555.8,0.005406,50.0
2019-11-17 21:09:43.474,8554.77,0.001379,50.0
2019-11-17 21:09:44.249,8555.65,0.004,50.0
2019-11-17 21:09:44.348,8554.72,0.051428,50.0
2019-11-17 21:09:44.348,8554.71,0.077428,50.0
2019-11-17 21:09:44.737,8555.65,0.0014,50.0
2019-11-17 21:09:45.284,8555.65,0.7,50.0
2019-11-17 21:09:45.302,8555.65,0.6,50.0
2019-11-17 21:09:47.265,8555.62,0.104433,50.0
2019-11-17 21:09:47.928,8555.62,0.086592,50.0
2019-11-17 21:09:49.659,8555.62,0.0014,50.0
2019-11-17 21:09:50.270,8555.62,0.050064,50.0
2019-11-17 21:09:50.366,8555.62,0.004083,50.0
2019-11-17 21:09:50.483,8555.62,0.023048,50.0
2019-11-17 21:09:50.578,8555.62,0.009178,50.0
2019-11-17 21:09:50.695,8555.62,0.003654,50.0
2019-11-17 21:09:51.678,8554.91,0.001352,50.0
2019-11-17 21:09:52.160,8555.59,0.042952,50.0
2019-11-17 21:09:52.771,8555.1,0.341315,50.0
2019-11-17 21:09:54.458,8555.59,0.0014,50.0
2019-11-17 21:09:56.043,8555.55,0.002336,50.0
2019-11-17 21:09:56.149,8555.54,0.007064,50.0
2019-11-17 21:09:57.166,8555.24,0.372601,50.0
2019-11-17 21:09:57.871,8554.92,0.001386,50.0
2019-11-17 21:09:58.442,8555.52,0.016198,50.0
2019-11-17 21:09:58.442,8555.53,0.441336,50.0
2019-11-17 21:09:59.053,8555.44,0.103603,50.0
2019-11-17 21:09:59.773,8554.94,0.00195,50.0
2019-11-17 21:10:00.086,8555.41,0.004632,50.0
2019-11-17 21:10:00.555,8554.99,0.184991,50.0
2019-11-17 21:10:00.693,8555.19,0.083731,50.0
2019-11-17 21:10:01.639,8555.41,0.06081,50.0
2019-11-17 21:10:01.677,8555.42,0.128476,50.0
2019-11-17 21:10:01.719,8555.41,0.00195,50.0
2019-11-17 21:10:01.803,8556.03,0.133056,50.0
2019-11-17 21:10:02.302,8557.14,0.024967,50.0
2019-11-17 21:10:02.989,8556.88,1.838119,50.0
2019-11-17 21:10:04.085,8556.7,2.0,50.0
2019-11-17 21:10:04.085,8556.71,0.115971,50.0
2019-11-17 21:10:04.085,8556.72,1.884029,50.0
2019-11-17 21:10:04.092,8556.72,0.115971,50.0
2019-11-17 21:10:05.396,8556.39,0.758954,50.0
2019-11-17 21:10:05.568,8557.73,0.005801,50.0
2019-11-17 21:10:05.658,8556.91,0.329829,50.0
2019-11-17 21:10:06.092,8556.5,0.001348,50.0
2019-11-17 21:10:06.558,8557.51,0.002044,50.0
2019-11-17 21:10:06.868,8557.45,0.008855,50.0
2019-11-17 21:10:07.368,8557.35,0.059606,50.0
2019-11-17 21:10:07.368,8557.35,0.051213,50.0
2019-11-17 21:10:07.368,8557.36,0.148827,50.0
2019-11-17 21:10:07.377,8556.28,0.011822,50.0
2019-11-17 21:10:07.493,8557.32,0.004418,50.0
2019-11-17 21:10:09.706,8556.98,0.016,50.0
2019-11-17 21:10:09.711,8556.98,0.416914,50.0
2019-11-17 21:10:11.263,8556.98,0.005824,50.0
2019-11-17 21:10:12.316,8556.98,0.001333,50.0
2019-11-17 21:10:12.567,8556.98,0.008843,50.0
2019-11-17 21:10:12.567,8556.33,0.22577,50.0
2019-11-17 21:10:12.567,8556.32,0.160099,50.0
2019-11-17 21:10:12.567,8556.29,0.605288,50.0
2019-11-17 21:10:15.499,8556.32,0.11525,50.0
2019-11-17 21:10:18.304,8557.19,0.040043,50.0
2019-11-17 21:10:18.514,8557.19,0.00131,50.0
2019-11-17 21:10:18.793,8557.19,0.05678,50.0
2019-11-17 21:10:18.906,8557.19,0.280067,50.0
2019-11-17 21:10:19.045,8557.19,0.009467,50.0
2019-11-17 21:10:19.832,8556.89,0.147795,50.0
2019-11-17 21:10:19.832,8556.32,0.008324,50.0
2019-11-17 21:10:20.329,8556.88,0.020417,50.0
2019-11-17 21:10:20.691,8556.32,0.011565,50.0
2019-11-17 21:10:21.302,8556.88,0.002272,50.0
2019-11-17 21:10:21.535,8556.88,0.002304,50.0
2019-11-17 21:10:21.643,8556.88,0.092232,50.0
2019-11-17 21:10:21.843,8556.88,0.002304,50.0
2019-11-17 21:10:23.328,8556.34,0.158771,50.0
2019-11-17 21:10:26.740,8556.48,0.035374,50.0
2019-11-17 21:10:26.758,8556.79,0.001365,50.0
2019-11-17 21:10:32.941,8556.73,0.001386,50.0
2019-11-17 21:10:33.499,8556.7,0.068375,50.0
2019-11-17 21:10:33.515,8556.29,0.001235,50.0
2019-11-17 21:10:33.515,8555.76,0.014308,50.0
2019-11-17 21:10:34.245,8556.13,0.039455,50.0
2019-11-17 21:10:38.667,8556.38,0.169674,50.0
2019-11-17 21:10:41.159,8556.59,0.001393,50.0
2019-11-17 21:10:41.977,8555.79,0.011565,50.0
2019-11-17 21:10:42.113,8556.56,0.011565,50.0
2019-11-17 21:10:42.113,8556.57,0.074143,50.0
2019-11-17 21:10:42.146,8555.8,0.090497,50.0
2019-11-17 21:10:42.757,8556.27,0.17986,50.0
2019-11-17 21:10:43.160,8556.55,0.003893,50.0
2019-11-17 21:10:46.583,8556.09,0.283847,50.0
2019-11-17 21:10:47.365,8556.52,0.001331,50.0
2019-11-17 21:10:47.852,8555.87,0.011565,50.0
2019-11-17 21:10:48.644,8555.87,0.011565,50.0
2019-11-17 21:10:48.813,8555.87,0.000243,50.0
2019-11-17 21:10:48.813,8555.65,0.029057,50.0
2019-11-17 21:10:48.830,8555.65,0.000267,50.0
2019-11-17 21:10:48.861,8555.02,0.140508,50.0
2019-11-17 21:10:48.881,8555.03,0.032725,50.0
2019-11-17 21:10:48.881,8555.0,0.028085,50.0
2019-11-17 21:10:48.881,8555.0,0.229795,50.0
2019-11-17 21:10:48.885,8554.94,0.060814,50.0
2019-11-17 21:10:48.885,8554.9,0.406686,50.0
2019-11-17 21:10:48.900,8554.99,0.086303,50.0
2019-11-17 21:10:48.900,8554.9,0.381197,50.0
2019-11-17 21:10:48.901,8554.9,0.43794,50.0
2019-11-17 21:10:48.901,8554.9,0.4675,50.0
2019-11-17 21:10:48.909,8555.03,0.02809,50.0
2019-11-17 21:10:48.917,8555.03,0.004635,50.0
2019-11-17 21:10:48.917,8554.9,0.913228,50.0
2019-11-17 21:10:48.930,8554.89,0.002337,50.0
2019-11-17 21:10:49.200,8555.04,0.032725,50.0
2019-11-17 21:10:49.322,8554.75,0.052121,50.0
2019-11-17 21:10:49.388,8554.58,0.032021,50.0
2019-11-17 21:10:49.388,8554.57,1.088116,50.0
2019-11-17 21:10:49.388,8554.52,0.002455,50.0
2019-11-17 21:10:49.388,8554.39,0.879863,50.0
2019-11-17 21:10:49.404,8554.39,0.042731,50.0
2019-11-17 21:10:49.426,8555.78,0.002332,50.0
2019-11-17 21:10:49.522,8554.48,0.019637,50.0
2019-11-17 21:10:49.709,8553.41,0.011569,50.0
2019-11-17 21:10:49.813,8555.4,0.25401,50.0
2019-11-17 21:10:49.922,8555.31,0.011565,50.0
2019-11-17 21:10:49.922,8555.31,0.141911,50.0
2019-11-17 21:10:49.930,8553.43,0.002338,50.0
2019-11-17 21:10:50.024,8555.26,0.143751,50.0
2019-11-17 21:10:50.128,8555.2,0.057972,50.0
2019-11-17 21:10:50.231,8554.66,0.225261,50.0
2019-11-17 21:10:50.238,8555.15,0.004285,50.0
2019-11-17 21:10:50.245,8555.15,0.101465,50.0
2019-11-17 21:10:50.342,8555.1,0.101465,50.0
2019-11-17 21:10:50.345,8553.56,0.011569,50.0
2019-11-17 21:10:50.438,8555.05,0.101465,50.0
2019-11-17 21:10:50.554,8555.0,0.046132,50.0
2019-11-17 21:10:50.668,8554.96,0.088116,50.0
2019-11-17 21:10:50.668,8554.99,0.419222,50.0
2019-11-17 21:10:50.712,8553.4,0.012201,50.0
2019-11-17 21:10:50.712,8553.25,0.009166,50.0
2019-11-17 21:10:50.712,8553.15,0.004671,50.0
2019-11-17 21:10:50.772,8554.85,0.054127,50.0
2019-11-17 21:10:50.895,8554.67,0.003976,50.0
2019-11-17 21:10:51.015,8554.57,0.022053,50.0
2019-11-17 21:10:51.030,8553.64,0.011569,50.0
2019-11-17 21:10:51.079,8554.5,0.031712,50.0
2019-11-17 21:10:51.185,8554.41,0.019482,50.0
2019-11-17 21:10:51.287,8554.34,0.019482,50.0
2019-11-17 21:10:51.297,8554.28,0.002571,50.0
2019-11-17 21:10:51.503,8554.18,0.018479,50.0
2019-11-17 21:10:51.736,8554.06,0.01084,50.0
2019-11-17 21:10:51.736,8554.07,0.17461,50.0
2019-11-17 21:10:51.911,8554.02,0.001915,50.0
2019-11-17 21:10:52.014,8553.97,0.005821,50.0
2019-11-17 21:10:52.135,8553.92,0.005902,50.0
2019-11-17 21:10:52.199,8551.9,0.011571,50.0
2019-11-17 21:10:52.230,8553.9,0.008101,50.0
2019-11-17 21:10:52.230,8553.91,0.299871,50.0
2019-11-17 21:10:52.269,8553.9,0.004938,50.0
2019-11-17 21:10:52.269,8553.91,0.012595,50.0
2019-11-17 21:10:52.328,8553.89,0.203047,50.0
2019-11-17 21:10:52.438,8553.86,0.003047,50.0
2019-11-17 21:10:52.550,8553.84,0.467956,50.0
2019-11-17 21:10:52.662,8553.82,0.513771,50.0
2019-11-17 21:10:52.760,8553.8,0.502076,50.0
2019-11-17 21:10:52.873,8553.78,0.547221,50.0
2019-11-17 21:10:52.967,8553.76,0.527701,50.0
2019-11-17 21:10:53.072,8553.74,0.470885,50.0
2019-11-17 21:10:53.177,8553.72,0.496948,50.0
2019-11-17 21:10:53.301,8553.69,0.2,50.0
2019-11-17 21:10:53.301,8553.7,0.266224,50.0
2019-11-17 21:10:53.360,8553.68,0.004,50.0
2019-11-17 21:10:53.396,8553.68,0.535797,50.0
2019-11-17 21:10:53.522,8553.68,0.478722,50.0
2019-11-17 21:10:53.591,8553.68,0.00134,50.0
2019-11-17 21:10:53.606,8553.68,0.485643,50.0
2019-11-17 21:10:53.712,8552.66,0.499724,50.0
2019-11-17 21:10:53.829,8552.66,0.525128,50.0
2019-11-17 21:10:53.936,8552.66,0.451624,50.0
2019-11-17 21:10:54.029,8552.66,0.493194,50.0
2019-11-17 21:10:54.135,8553.67,0.240255,50.0
2019-11-17 21:10:54.135,8553.68,0.226011,50.0
2019-11-17 21:10:54.237,8553.66,0.467884,50.0
2019-11-17 21:10:54.332,8553.66,0.459465,50.0
2019-11-17 21:10:54.454,8553.66,0.070456,50.0
2019-11-17 21:10:54.482,8552.69,0.011572,50.0
2019-11-17 21:10:54.552,8553.66,0.002071,50.0
2019-11-17 21:10:54.688,8553.66,0.006465,50.0
2019-11-17 21:10:54.794,8553.66,0.011942,50.0
2019-11-17 21:10:54.899,8553.66,0.019223,50.0
2019-11-17 21:10:55.003,8553.66,0.051799,50.0
2019-11-17 21:10:55.108,8553.66,0.007336,50.0
2019-11-17 21:10:55.219,8553.66,0.009284,50.0
2019-11-17 21:10:57.687,8553.19,0.259132,50.0
2019-11-17 21:10:57.735,8553.6,0.005,50.0
2019-11-17 21:10:58.548,8553.59,0.011823,50.0
2019-11-17 21:10:58.788,8553.57,0.009288,50.0
2019-11-17 21:10:59.789,8553.55,0.001391,50.0
2019-11-17 21:11:02.600,8553.49,0.009288,50.0
2019-11-17 21:11:02.655,8552.72,0.011572,50.0
2019-11-17 21:11:02.716,8553.47,0.002071,50.0
2019-11-17 21:11:02.958,8553.42,0.002332,50.0
2019-11-17 21:11:03.228,8553.12,0.189202,50.0
2019-11-17 21:11:04.634,8552.5,0.011572,50.0
2019-11-17 21:11:05.073,8553.08,0.006076,50.0
2019-11-17 21:11:06.710,8551.83,0.255129,50.0
2019-11-17 21:11:06.710,8551.81,0.02338,50.0
2019-11-17 21:11:06.710,8551.79,0.104807,50.0
2019-11-17 21:11:06.710,8551.0,0.041586,50.0
2019-11-17 21:11:06.710,8550.98,1.245263,50.0
2019-11-17 21:11:06.976,8551.76,0.001487,50.0
2019-11-17 21:11:07.032,8551.76,0.002337,50.0
2019-11-17 21:11:07.126,8551.76,0.015915,50.0
2019-11-17 21:11:07.221,8551.74,0.002071,50.0
2019-11-17 21:11:07.369,8551.73,0.073025,50.0
2019-11-17 21:11:08.107,8551.24,0.001346,50.0
2019-11-17 21:11:08.583,8551.44,0.001286,50.0
2019-11-17 21:11:08.711,8551.74,0.027084,50.0
2019-11-17 21:11:08.763,8551.44,1.553188,50.0
2019-11-17 21:11:08.820,8551.74,0.06885,50.0
2019-11-17 21:11:09.251,8551.74,1.3e-05,50.0
2019-11-17 21:11:09.251,8551.76,0.023387,50.0
2019-11-17 21:11:09.251,8551.77,0.036433,50.0
2019-11-17 21:11:09.323,8551.77,0.001867,50.0
2019-11-17 21:11:09.440,8551.77,0.003621,50.0
2019-11-17 21:11:09.561,8551.77,0.022005,50.0
2019-11-17 21:11:09.649,8551.77,1e-05,50.0
2019-11-17 21:11:10.115,8552.99,0.012926,50.0
2019-11-17 21:11:10.115,8553.0,0.041033,50.0
2019-11-17 21:11:10.115,8553.21,0.001493,50.0
2019-11-17 21:11:10.115,8553.25,0.1103,50.0
2019-11-17 21:11:10.115,8554.04,0.107959,50.0
2019-11-17 21:11:10.115,8554.91,0.126289,50.0
2019-11-17 21:11:10.424,8552.28,0.162099,50.0
2019-11-17 21:11:10.424,8552.19,0.023378,50.0
2019-11-17 21:11:10.424,8552.19,0.025461,50.0
2019-11-17 21:11:10.681,8554.82,0.003754,50.0
2019-11-17 21:11:10.694,8554.82,0.060125,50.0
2019-11-17 21:11:10.797,8554.82,0.015484,50.0
2019-11-17 21:11:10.981,8554.82,0.030937,50.0
2019-11-17 21:11:11.276,8554.88,0.060151,50.0
2019-11-17 21:11:11.488,8554.88,0.029431,50.0
2019-11-17 21:11:11.488,8554.93,0.210937,50.0
2019-11-17 21:11:11.869,8555.2,0.251759,50.0
2019-11-17 21:11:12.593,8555.89,0.021162,50.0
2019-11-17 21:11:12.815,8556.05,0.002584,50.0
2019-11-17 21:11:14.210,8556.05,0.764636,50.0
2019-11-17 21:11:14.210,8555.21,0.001407,50.0
2019-11-17 21:11:14.262,8556.09,0.001875,50.0
2019-11-17 21:11:14.794,8556.06,0.186093,50.0
2019-11-17 21:11:14.794,8556.33,0.047376,50.0
2019-11-17 21:11:14.794,8556.57,0.058382,50.0
2019-11-17 21:11:14.794,8556.58,0.058922,50.0
2019-11-17 21:11:15.466,8555.59,0.12,50.0
2019-11-17 21:11:16.130,8556.57,0.016772,50.0
2019-11-17 21:11:17.063,8555.71,0.011152,50.0
2019-11-17 21:11:17.127,8556.1,0.255793,50.0
2019-11-17 21:11:17.190,8556.58,0.081703,50.0
2019-11-17 21:11:17.190,8556.73,0.159545,50.0
2019-11-17 21:11:17.820,8556.65,0.060029,50.0
2019-11-17 21:11:18.371,8556.65,0.015356,50.0
2019-11-17 21:11:18.371,8556.65,0.044737,50.0
2019-11-17 21:11:18.973,8556.73,0.027955,50.0
2019-11-17 21:11:18.973,8556.8,0.032177,50.0
2019-11-17 21:11:19.576,8556.87,0.060049,50.0
2019-11-17 21:11:20.162,8556.86,0.060018,50.0
2019-11-17 21:11:20.419,8556.14,0.00138,50.0
2019-11-17 21:11:20.548,8556.17,0.0172,50.0
2019-11-17 21:11:20.743,8556.41,0.476402,50.0
2019-11-17 21:11:20.763,8556.82,0.06011,50.0
2019-11-17 21:11:21.345,8556.72,0.060061,50.0
2019-11-17 21:11:21.931,8556.86,0.060062,50.0
2019-11-17 21:11:22.522,8556.87,0.060105,50.0
2019-11-17 21:11:22.780,8556.29,0.045155,50.0
2019-11-17 21:11:23.110,8556.87,0.06001,50.0
2019-11-17 21:11:23.690,8556.87,0.060141,50.0
2019-11-17 21:11:23.866,8556.5,0.117358,50.0
2019-11-17 21:11:24.285,8556.87,0.009695,50.0
2019-11-17 21:11:24.285,8557.29,0.050398,50.0
2019-11-17 21:11:26.043,8557.29,0.178484,50.0
2019-11-17 21:11:26.527,8557.24,0.058567,50.0
2019-11-17 21:11:26.606,8557.27,0.198073,50.0
2019-11-17 21:11:26.645,8557.26,0.051311,50.0
2019-11-17 21:11:26.645,8557.29,0.008833,50.0
2019-11-17 21:11:26.646,8557.24,2.9e-05,50.0
2019-11-17 21:11:26.646,8556.39,0.001328,50.0
2019-11-17 21:11:27.237,8557.29,0.060149,50.0
2019-11-17 21:11:27.835,8557.29,0.060093,50.0
2019-11-17 21:11:28.434,8557.29,0.060056,50.0
2019-11-17 21:11:28.436,8557.29,0.002663,50.0
2019-11-17 21:11:28.634,8557.29,0.001992,50.0
2019-11-17 21:11:29.019,8557.29,0.060079,50.0
2019-11-17 21:11:29.618,8557.29,0.060081,50.0
2019-11-17 21:11:30.022,8557.24,0.041396,50.0
2019-11-17 21:11:30.208,8557.29,0.06012,50.0
2019-11-17 21:11:30.549,8557.24,8e-06,50.0
2019-11-17 21:11:30.549,8556.42,0.001395,50.0
2019-11-17 21:11:30.814,8557.29,0.060059,50.0
2019-11-17 21:11:31.405,8557.27,0.024758,50.0
2019-11-17 21:11:31.405,8557.28,0.035263,50.0
2019-11-17 21:11:31.998,8557.3,0.060128,50.0
2019-11-17 21:11:32.322,8556.84,0.21794,50.0
2019-11-17 21:11:32.588,8557.3,0.060121,50.0
2019-11-17 21:11:33.182,8557.3,0.060016,50.0
2019-11-17 21:11:33.788,8557.3,0.060115,50.0
2019-11-17 21:11:34.381,8557.3,0.060146,50.0
2019-11-17 21:11:34.691,8557.3,0.013492,50.0
2019-11-17 21:11:34.776,8557.35,0.086602,50.0
2019-11-17 21:11:34.847,8557.35,0.001315,50.0
2019-11-17 21:11:34.875,8557.35,0.032239,50.0
2019-11-17 21:11:36.339,8557.35,0.010427,50.0
2019-11-17 21:11:37.972,8557.93,0.181052,50.0
2019-11-17 21:11:37.983,8557.37,0.210288,50.0
2019-11-17 21:11:38.985,8557.37,0.136515,50.0
2019-11-17 21:11:39.515,8557.37,0.018572,50.0
2019-11-17 21:11:39.723,8557.37,0.006759,50.0
2019-11-17 21:11:41.054,8557.37,0.000278,50.0
2019-11-17 21:11:41.054,8557.3,0.0011,50.0
2019-11-17 21:11:41.207,8557.31,0.08703,50.0
2019-11-17 21:11:41.300,8557.31,0.040158,50.0
2019-11-17 21:11:41.399,8557.3,0.005445,50.0
2019-11-17 21:11:45.811,8557.34,0.002488,50.0
2019-11-17 21:11:46.001,8557.34,0.020853,50.0
2019-11-17 21:11:46.386,8558.1,0.002488,50.0
2019-11-17 21:11:46.386,8558.11,0.11582,50.0
2019-11-17 21:11:46.837,8557.34,2.8e-05,50.0
2019-11-17 21:11:46.837,8557.33,0.001274,50.0
2019-11-17 21:11:47.010,8557.34,0.032702,50.0
2019-11-17 21:11:47.278,8557.34,1.5e-05,50.0
2019-11-17 21:11:47.278,8557.33,0.001385,50.0
2019-11-17 21:11:47.396,8557.34,0.02701,50.0
2019-11-17 21:11:48.662,8557.57,0.042064,50.0
2019-11-17 21:11:48.666,8557.57,0.116577,50.0
2019-11-17 21:11:48.760,8557.37,0.042064,50.0
2019-11-17 21:11:49.260,8557.37,2e-06,50.0
2019-11-17 21:11:49.260,8557.36,0.119998,50.0
2019-11-17 21:11:50.228,8557.36,0.088579,50.0
2019-11-17 21:11:51.825,8557.53,0.007684,50.0
2019-11-17 21:11:51.947,8557.53,0.006569,50.0
2019-11-17 21:11:53.487,8557.48,0.133105,50.0
2019-11-17 21:11:53.899,8557.48,0.1,50.0
2019-11-17 21:11:53.915,8557.48,0.1,50.0
2019-11-17 21:11:53.922,8557.48,0.1,50.0
2019-11-17 21:11:54.232,8557.31,0.233485,50.0
2019-11-17 21:11:54.447,8557.37,0.074952,50.0
2019-11-17 21:11:54.455,8557.49,0.124254,50.0
2019-11-17 21:11:54.663,8557.33,0.046433,50.0
2019-11-17 21:11:55.483,8557.78,0.001399,50.0
2019-11-17 21:11:55.596,8557.76,0.0172,50.0
2019-11-17 21:11:55.712,8557.79,0.020437,50.0
2019-11-17 21:11:56.865,8558.29,0.00233,50.0
2019-11-17 21:11:56.928,8558.29,0.186973,50.0
2019-11-17 21:11:59.319,8558.21,0.43914,50.0
2019-11-17 21:12:00.162,8558.29,1.550393,50.0
2019-11-17 21:12:01.702,8558.29,0.001328,50.0
2019-11-17 21:12:03.858,8558.29,0.071359,50.0
2019-11-17 21:12:04.339,8558.0,0.100034,50.0
2019-11-17 21:12:04.410,8558.16,0.193097,50.0
2019-11-17 21:12:04.421,8558.0,0.10554,50.0
2019-11-17 21:12:07.287,8558.09,0.111487,50.0
2019-11-17 21:12:07.292,8557.9,0.227883,50.0
2019-11-17 21:12:07.906,8558.28,0.001325,50.0
2019-11-17 21:12:09.542,8558.09,0.001886,50.0
2019-11-17 21:12:09.681,8557.49,0.06074,50.0
2019-11-17 21:12:10.695,8557.92,0.060763,50.0
2019-11-17 21:12:10.695,8557.93,0.339237,50.0
2019-11-17 21:12:12.689,8557.56,0.23828,50.0
2019-11-17 21:12:14.123,8557.88,0.00138,50.0
2019-11-17 21:12:16.588,8557.83,0.002332,50.0
2019-11-17 21:12:16.714,8557.66,0.154402,50.0
2019-11-17 21:12:18.178,8557.76,0.009799,50.0
2019-11-17 21:12:19.363,8557.71,0.008447,50.0
2019-11-17 21:12:19.696,8557.71,0.011659,50.0
2019-11-17 21:12:20.223,8557.58,0.176454,50.0
2019-11-17 21:12:20.919,8557.3,0.015809,50.0
2019-11-17 21:12:21.124,8557.49,0.001572,50.0
2019-11-17 21:12:22.333,8557.71,0.001397,50.0
2019-11-17 21:12:22.659,8557.49,0.010896,50.0
2019-11-17 21:12:22.659,8557.3,0.413104,50.0
2019-11-17 21:12:23.382,8557.31,0.106317,50.0
2019-11-17 21:12:24.077,8557.66,0.078217,50.0
2019-11-17 21:12:24.176,8557.66,0.001304,50.0
2019-11-17 21:12:24.940,8557.3,0.118115,50.0
2019-11-17 21:12:25.892,8557.3,0.021645,50.0
2019-11-17 21:12:25.980,8557.3,0.086579,50.0
2019-11-17 21:12:26.620,8557.3,0.002338,50.0
2019-11-17 21:12:26.926,8557.61,0.029888,50.0
2019-11-17 21:12:27.713,8557.61,0.005608,50.0
2019-11-17 21:12:28.373,8557.65,0.001875,50.0
2019-11-17 21:12:28.901,8557.65,0.001875,50.0
2019-11-17 21:12:29.043,8557.58,0.394945,50.0
2019-11-17 21:12:29.043,8557.65,0.033739,50.0
2019-11-17 21:12:29.514,8557.66,0.001637,50.0
2019-11-17 21:12:30.568,8558.28,0.0014,50.0
2019-11-17 21:12:34.231,8558.28,0.019377,50.0
2019-11-17 21:12:34.357,8558.28,0.002591,50.0
2019-11-17 21:12:35.503,8558.29,0.011823,50.0
2019-11-17 21:12:35.503,8558.29,0.001873,50.0
2019-11-17 21:12:36.771,8558.29,2e-06,50.0
2019-11-17 21:12:36.771,8558.3,0.001334,50.0
2019-11-17 21:12:37.123,8558.13,0.024,50.0
2019-11-17 21:12:40.338,8558.24,0.435295,50.0
2019-11-17 21:12:41.963,8558.3,0.022035,50.0
2019-11-17 21:12:41.963,8558.31,0.006652,50.0
2019-11-17 21:12:41.963,8559.46,0.018713,50.0
2019-11-17 21:12:43.661,8558.75,0.383343,50.0
2019-11-17 21:12:44.963,8558.24,0.001292,50.0
2019-11-17 21:12:47.981,8558.26,0.091587,50.0
2019-11-17 21:12:48.531,8558.24,0.011565,50.0
2019-11-17 21:12:50.583,8558.64,0.042357,50.0
2019-11-17 21:12:50.689,8558.64,0.019554,50.0
2019-11-17 21:12:51.142,8558.59,0.067049,50.0
2019-11-17 21:12:51.142,8558.24,0.175789,50.0
2019-11-17 21:12:51.179,8558.24,0.001337,50.0
2019-11-17 21:12:51.765,8558.6,0.051501,50.0
2019-11-17 21:12:52.344,8558.61,0.167716,50.0
2019-11-17 21:12:53.350,8558.62,0.11684,50.0
2019-11-17 21:12:54.791,8558.6,1.9e-05,50.0
2019-11-17 21:12:54.791,8558.24,0.288299,50.0
2019-11-17 21:12:54.791,8558.03,0.092939,50.0
2019-11-17 21:12:54.791,8557.3,0.023473,50.0
2019-11-17 21:12:55.683,8557.68,0.199405,50.0
2019-11-17 21:12:56.317,8558.25,0.031564,50.0
2019-11-17 21:12:57.395,8557.3,0.001405,50.0
2019-11-17 21:12:57.906,8558.08,0.005066,50.0
2019-11-17 21:12:58.144,8557.3,0.024,50.0
2019-11-17 21:13:03.167,8557.3,0.462548,50.0
2019-11-17 21:13:03.307,8557.3,0.011567,50.0
2019-11-17 21:13:03.602,8557.3,0.001382,50.0
2019-11-17 21:13:03.707,8557.3,0.347031,50.0
2019-11-17 21:13:03.736,8557.3,0.011568,50.0
2019-11-17 21:13:03.806,8557.3,0.019,50.0
2019-11-17 21:13:03.847,8557.3,0.07011,50.0
2019-11-17 21:13:03.880,8557.6,0.265869,50.0
2019-11-17 21:13:04.013,8557.3,0.011568,50.0
2019-11-17 21:13:04.037,8557.3,0.462613,50.0
2019-11-17 21:13:04.117,8557.3,0.46735,50.0
2019-11-17 21:13:04.126,8557.3,0.9347,50.0
2019-11-17 21:13:04.153,8557.3,1.1,50.0
2019-11-17 21:13:04.173,8557.3,0.061149,50.0
2019-11-17 21:13:04.191,8557.3,0.425,50.0
2019-11-17 21:13:04.202,8557.3,0.07011,50.0
2019-11-17 21:13:04.203,8557.3,1.1,50.0
2019-11-17 21:13:04.204,8557.3,0.131259,50.0
2019-11-17 21:13:04.208,8557.3,0.07011,50.0
2019-11-17 21:13:04.212,8557.3,0.6,50.0
2019-11-17 21:13:04.216,8557.3,0.8,50.0
2019-11-17 21:13:04.231,8557.3,0.053024,50.0
2019-11-17 21:13:04.231,8557.3,0.061149,50.0
2019-11-17 21:13:04.238,8557.3,0.150349,50.0
2019-11-17 21:13:04.242,8557.3,0.1,50.0
2019-11-17 21:13:04.243,8557.3,0.1,50.0
2019-11-17 21:13:04.245,8557.3,0.454,50.0
2019-11-17 21:13:04.246,8557.3,0.023,50.0
2019-11-17 21:13:04.249,8557.3,1.098,50.0
2019-11-17 21:13:04.260,8557.3,0.312264,50.0
2019-11-17 21:13:04.273,8557.3,0.07011,50.0
2019-11-17 21:13:04.275,8557.3,0.061149,50.0
2019-11-17 21:13:04.301,8557.3,0.131259,50.0
2019-11-17 21:13:04.304,8557.3,0.131259,50.0
2019-11-17 21:13:04.337,8557.3,0.116707,50.0
2019-11-17 21:13:04.340,8557.3,2.0,50.0
2019-11-17 21:13:04.342,8557.3,0.4,50.0
2019-11-17 21:13:04.346,8557.3,0.011568,50.0
2019-11-17 21:13:04.452,8557.31,0.006878,50.0
2019-11-17 21:13:04.477,8557.3,0.002337,50.0
2019-11-17 21:13:04.483,8557.3,0.097152,50.0
2019-11-17 21:13:04.486,8557.3,0.793753,50.0
2019-11-17 21:13:04.522,8557.3,0.49831,50.0
2019-11-17 21:13:04.541,8557.3,2.536394,50.0
2019-11-17 21:13:04.543,8557.3,0.338479,50.0
2019-11-17 21:13:04.558,8557.3,0.633416,50.0
2019-11-17 21:13:04.579,8557.3,0.116717,50.0
2019-11-17 21:13:04.579,8557.3,0.180558,50.0
2019-11-17 21:13:04.590,8557.3,0.086569,50.0
2019-11-17 21:13:04.595,8557.3,2.505075,50.0
2019-11-17 21:13:04.610,8557.27,0.07011,50.0
2019-11-17 21:13:04.860,8555.68,0.011569,50.0
2019-11-17 21:13:05.109,8555.36,0.005184,50.0
2019-11-17 21:13:05.196,8555.06,0.056712,50.0
2019-11-17 21:13:05.231,8555.04,0.002337,50.0
2019-11-17 21:13:05.309,8555.04,0.0325,50.0
2019-11-17 21:13:05.404,8555.03,0.021373,50.0
2019-11-17 21:13:05.415,8556.81,0.002,50.0
2019-11-17 21:13:05.446,8555.02,0.01157,50.0
2019-11-17 21:13:05.762,8556.45,0.002026,50.0
2019-11-17 21:13:06.317,8555.86,0.009446,50.0
2019-11-17 21:13:06.407,8555.79,0.009446,50.0
2019-11-17 21:13:06.475,8554.75,0.00939,50.0
2019-11-17 21:13:06.475,8554.13,0.08061,50.0
2019-11-17 21:13:06.627,8554.14,0.002338,50.0
2019-11-17 21:13:07.131,8553.45,0.011571,50.0
2019-11-17 21:13:07.450,8552.21,0.009567,50.0
2019-11-17 21:13:07.450,8552.15,0.002005,50.0
2019-11-17 21:13:07.601,8553.82,0.450361,50.0
2019-11-17 21:13:08.608,8554.39,0.001352,50.0
2019-11-17 21:13:08.809,8554.33,0.002337,50.0
2019-11-17 21:13:09.475,8553.19,0.002338,50.0
2019-11-17 21:13:10.972,8554.04,0.099752,50.0
2019-11-17 21:13:11.180,8553.95,0.004771,50.0
2019-11-17 21:13:11.380,8553.18,0.009586,50.0
2019-11-17 21:13:11.380,8553.19,0.007235,50.0
2019-11-17 21:13:11.478,8553.17,0.069775,50.0
2019-11-17 21:13:11.595,8553.17,0.007129,50.0
2019-11-17 21:13:11.822,8552.56,0.001375,50.0
2019-11-17 21:13:11.958,8552.87,0.302274,50.0
2019-11-17 21:13:12.320,8553.11,0.072199,50.0
2019-11-17 21:13:14.128,8553.11,9e-06,50.0
2019-11-17 21:13:14.128,8553.19,0.009604,50.0
2019-11-17 21:13:14.128,8553.96,0.083588,50.0
2019-11-17 21:13:14.128,8554.04,0.321018,50.0
2019-11-17 21:13:14.128,8554.64,0.2,50.0
2019-11-17 21:13:14.128,8555.77,0.296116,50.0
2019-11-17 21:13:14.128,8556.13,0.139665,50.0
2019-11-17 21:13:16.262,8553.7,0.189404,50.0
2019-11-17 21:13:20.024,8554.34,0.001336,50.0
2019-11-17 21:13:20.476,8553.48,0.048726,50.0
2019-11-17 21:13:20.476,8553.47,0.351274,50.0
2019-11-17 21:13:22.235,8553.5,0.002241,50.0
2019-11-17 21:13:22.366,8553.5,0.027658,50.0
2019-11-17 21:13:22.366,8553.49,0.081308,50.0
2019-11-17 21:13:22.535,8553.5,0.018364,50.0
2019-11-17 21:13:22.535,8553.49,0.04166,50.0
2019-11-17 21:13:23.734,8553.01,0.058193,50.0
2019-11-17 21:13:25.073,8552.99,0.082356,50.0
2019-11-17 21:13:25.169,8552.99,0.082356,50.0
2019-11-17 21:13:25.214,8552.95,0.361026,50.0
2019-11-17 21:13:25.216,8552.99,0.06174,50.0
2019-11-17 21:13:25.281,8553.01,0.051623,50.0
2019-11-17 21:13:25.415,8553.87,0.001362,50.0
2019-11-17 21:13:26.241,8553.87,1.3e-05,50.0
2019-11-17 21:13:26.241,8554.86,0.001361,50.0
2019-11-17 21:13:27.881,8554.07,0.138987,50.0
2019-11-17 21:13:28.988,8553.11,0.002338,50.0
2019-11-17 21:13:29.422,8553.65,0.130006,50.0
2019-11-17 21:13:29.630,8553.18,0.021366,50.0
2019-11-17 21:13:29.852,8553.64,0.002337,50.0
2019-11-17 21:13:30.062,8553.38,0.001991,50.0
2019-11-17 21:13:30.426,8553.48,0.023381,50.0
2019-11-17 21:13:30.426,8553.47,0.067592,50.0
2019-11-17 21:13:30.426,8553.44,0.136946,50.0
2019-11-17 21:13:30.586,8554.05,0.008549,50.0
2019-11-17 21:13:32.451,8554.01,0.001289,50.0
2019-11-17 21:13:32.501,8553.77,0.294465,50.0
2019-11-17 21:13:32.582,8553.49,0.032733,50.0
2019-11-17 21:13:32.582,8553.48,0.028877,50.0
2019-11-17 21:13:33.754,8553.53,0.042085,50.0
2019-11-17 21:13:33.797,8553.54,0.042085,50.0
2019-11-17 21:13:33.810,8553.35,0.128215,50.0
2019-11-17 21:13:33.884,8553.02,0.117248,50.0
2019-11-17 21:13:33.911,8553.02,0.167257,50.0
2019-11-17 21:13:33.945,8553.03,0.002338,50.0
2019-11-17 21:13:33.959,8553.03,0.011572,50.0
2019-11-17 21:13:33.984,8553.03,0.037528,50.0
2019-11-17 21:13:33.984,8553.02,0.040764,50.0
2019-11-17 21:13:33.984,8553.01,0.088965,50.0
2019-11-17 21:13:34.002,8553.01,0.03925,50.0
2019-11-17 21:13:34.002,8552.91,0.039042,50.0
2019-11-17 21:13:34.002,8552.54,0.011576,50.0
2019-11-17 21:13:34.002,8552.07,0.095234,50.0
2019-11-17 21:13:34.006,8552.07,0.404766,50.0
2019-11-17 21:13:34.030,8552.1,0.039042,50.0
2019-11-17 21:13:34.030,8552.04,0.057033,50.0
2019-11-17 21:13:34.045,8552.04,0.442967,50.0
2019-11-17 21:13:34.045,8552.0,0.086596,50.0
2019-11-17 21:13:34.045,8552.0,0.001612,50.0
2019-11-17 21:13:34.045,8552.0,0.011264,50.0
2019-11-17 21:13:34.235,8552.11,0.008911,50.0
2019-11-17 21:13:34.235,8552.0,0.047221,50.0
2019-11-17 21:13:34.235,8551.89,0.060778,50.0
2019-11-17 21:13:34.236,8551.89,0.2,50.0
2019-11-17 21:13:34.244,8551.89,0.2,50.0
2019-11-17 21:13:34.314,8551.9,0.005478,50.0
2019-11-17 21:13:34.314,8551.89,0.052522,50.0
2019-11-17 21:13:34.431,8551.9,0.003356,50.0
2019-11-17 21:13:34.431,8550.91,0.059228,50.0
2019-11-17 21:13:34.483,8553.54,0.001985,50.0
2019-11-17 21:13:34.556,8550.95,0.002338,50.0
2019-11-17 21:13:34.592,8550.95,0.001018,50.0
2019-11-17 21:13:34.592,8550.91,0.11577,50.0
2019-11-17 21:13:34.689,8551.59,0.2,50.0
2019-11-17 21:13:34.693,8551.59,0.1,50.0
2019-11-17 21:13:34.775,8551.59,0.023388,50.0
2019-11-17 21:13:34.800,8551.59,0.081857,50.0
2019-11-17 21:13:34.911,8551.59,0.011694,50.0
2019-11-17 21:13:35.073,8551.59,0.035083,50.0
2019-11-17 21:13:35.164,8551.59,0.011694,50.0
2019-11-17 21:13:35.256,8551.59,0.2,50.0
2019-11-17 21:13:35.258,8551.59,0.2,50.0
2019-11-17 21:13:35.343,8551.59,0.002339,50.0
2019-11-17 21:13:35.465,8551.59,0.2,50.0
2019-11-17 21:13:35.574,8551.59,0.2,50.0
2019-11-17 21:13:35.578,8551.59,0.140035,50.0
2019-11-17 21:13:35.578,8550.96,0.004327,50.0
2019-11-17 21:13:35.578,8550.91,0.055638,50.0
2019-11-17 21:13:35.582,8552.56,0.029777,50.0
2019-11-17 21:13:35.658,8550.92,0.01304,50.0
2019-11-17 21:13:35.658,8550.91,0.18696,50.0
2019-11-17 21:13:35.665,8550.91,0.2,50.0
2019-11-17 21:13:35.702,8552.49,0.01,50.0
2019-11-17 21:13:35.741,8550.91,0.016104,50.0
2019-11-17 21:13:35.741,8550.89,0.008024,50.0
2019-11-17 21:13:35.741,8550.86,0.175872,50.0
2019-11-17 21:13:35.743,8550.86,0.2,50.0
2019-11-17 21:13:35.829,8550.86,0.2,50.0
2019-11-17 21:13:36.042,8550.86,0.060004,50.0
2019-11-17 21:13:36.334,8551.53,0.062275,50.0
2019-11-17 21:13:36.901,8551.68,0.053655,50.0
2019-11-17 21:13:36.989,8551.66,0.045893,50.0
2019-11-17 21:13:37.082,8551.64,0.021048,50.0
2019-11-17 21:13:37.192,8550.87,0.004325,50.0
2019-11-17 21:13:37.205,8551.61,0.007174,50.0
2019-11-17 21:13:37.679,8550.87,1e-06,50.0
2019-11-17 21:13:37.679,8550.86,0.060027,50.0
2019-11-17 21:13:38.102,8551.47,0.026229,50.0
2019-11-17 21:13:38.161,8550.86,0.156945,50.0
2019-11-17 21:13:38.322,8550.86,0.011577,50.0
2019-11-17 21:13:38.655,8551.32,0.001405,50.0
2019-11-17 21:13:38.965,8551.01,0.254866,50.0
2019-11-17 21:13:39.277,8550.86,0.011577,50.0
2019-11-17 21:13:39.309,8550.86,0.060016,50.0
2019-11-17 21:13:39.309,8550.0,3.4e-05,50.0
2019-11-17 21:13:39.309,8550.0,0.02066,50.0
2019-11-17 21:13:39.309,8550.0,0.003999,50.0
2019-11-17 21:13:39.309,8550.0,0.041178,50.0
2019-11-17 21:13:39.309,8550.0,0.00431,50.0
2019-11-17 21:13:40.276,8550.0,0.024,50.0
2019-11-17 21:13:40.276,8550.0,0.011577,50.0
2019-11-17 21:13:40.470,8550.0,0.05977,50.0
2019-11-17 21:13:40.486,8550.79,0.00533,50.0
2019-11-17 21:13:40.871,8550.67,0.050817,50.0
2019-11-17 21:13:40.986,8550.0,0.030443,50.0
2019-11-17 21:13:40.986,8550.0,0.002253,50.0
2019-11-17 21:13:40.986,8549.5,0.023,50.0
2019-11-17 21:13:40.986,8548.96,0.004356,50.0
2019-11-17 21:13:40.989,8550.63,0.055046,50.0
2019-11-17 21:13:41.069,8550.59,0.051267,50.0
2019-11-17 21:13:41.193,8550.55,0.046602,50.0
2019-11-17 21:13:41.275,8550.51,0.002406,50.0
2019-11-17 21:13:42.861,8549.82,0.218123,50.0
2019-11-17 21:13:44.874,8550.46,0.001355,50.0
2019-11-17 21:13:45.759,8549.94,0.309925,50.0
2019-11-17 21:13:50.403,8549.86,0.278144,50.0
2019-11-17 21:13:50.831,8550.23,0.00232,50.0
2019-11-17 21:13:50.943,8550.23,0.01089,50.0
2019-11-17 21:13:51.101,8550.23,0.00135,50.0
2019-11-17 21:13:51.791,8550.42,0.01089,50.0
2019-11-17 21:13:52.157,8549.83,0.071063,50.0
2019-11-17 21:13:52.417,8550.39,0.01089,50.0
2019-11-17 21:13:53.159,8550.39,0.01089,50.0
2019-11-17 21:13:53.199,8550.11,0.306015,50.0
2019-11-17 21:13:54.534,8550.39,0.00694,50.0
2019-11-17 21:13:54.966,8550.39,0.006941,50.0
2019-11-17 21:13:55.075,8549.8,0.874971,50.0
2019-11-17 21:13:56.212,8550.09,0.272074,50.0
2019-11-17 21:13:56.383,8550.15,0.086264,50.0
2019-11-17 21:13:56.383,8550.13,0.198358,50.0
2019-11-17 21:13:57.382,8549.76,0.007908,50.0
2019-11-17 21:13:58.372,8550.0,0.004,50.0
2019-11-17 21:13:58.375,8549.94,0.004217,50.0
2019-11-17 21:13:59.308,8549.94,0.001305,50.0
2019-11-17 21:14:00.585,8549.66,0.192206,50.0
2019-11-17 21:14:00.586,8549.92,0.02663,50.0
2019-11-17 21:14:00.936,8549.94,0.005404,50.0
2019-11-17 21:14:01.159,8549.94,0.013171,50.0
2019-11-17 21:14:01.650,8549.8,0.183532,50.0
2019-11-17 21:14:01.650,8549.79,0.004678,50.0
2019-11-17 21:14:01.650,8549.48,0.81179,50.0
2019-11-17 21:14:02.741,8549.48,0.00129,50.0
2019-11-17 21:14:03.522,8549.72,0.247483,50.0
2019-11-17 21:14:03.533,8549.92,0.179032,50.0
2019-11-17 21:14:03.911,8549.94,0.002445,50.0
2019-11-17 21:14:04.457,8549.94,0.008146,50.0
2019-11-17 21:14:04.537,8549.94,0.1,50.0
2019-11-17 21:14:04.691,8549.94,0.098797,50.0
2019-11-17 21:14:04.691,8550.0,0.152108,50.0
2019-11-17 21:14:04.695,8550.0,0.929543,50.0
2019-11-17 21:14:04.695,8550.02,0.199222,50.0
2019-11-17 21:14:04.820,8550.36,0.014266,50.0
2019-11-17 21:14:05.145,8549.79,2.0,50.0
2019-11-17 21:14:05.145,8549.79,0.381423,50.0
2019-11-17 21:14:05.496,8551.87,0.001403,50.0
2019-11-17 21:14:05.638,8552.0,0.054687,50.0
2019-11-17 21:14:05.638,8552.13,0.136573,50.0
2019-11-17 21:14:05.638,8553.51,0.001249,50.0
2019-11-17 21:14:05.638,8553.51,0.001249,50.0
2019-11-17 21:14:05.638,8553.51,0.001249,50.0
2019-11-17 21:14:05.638,8553.51,0.001249,50.0
2019-11-17 21:14:05.638,8553.51,0.001249,50.0
2019-11-17 21:14:05.638,8553.51,0.001249,50.0
2019-11-17 21:14:05.638,8553.51,0.001249,50.0
2019-11-17 21:14:05.638,8553.51,0.000738,50.0
2019-11-17 21:14:05.638,8553.52,0.001269,50.0
2019-11-17 21:14:05.638,8553.52,0.001269,50.0
2019-11-17 21:14:05.638,8553.52,0.001269,50.0
2019-11-17 21:14:05.638,8553.52,0.001269,50.0
2019-11-17 21:14:05.638,8553.52,0.001269,50.0
2019-11-17 21:14:05.638,8553.52,0.001269,50.0
2019-11-17 21:14:05.638,8553.52,0.001269,50.0
2019-11-17 21:14:05.638,8553.52,0.000763,50.0
2019-11-17 21:14:05.638,8553.53,0.009784,50.0
2019-11-17 21:14:05.638,8553.55,0.179829,50.0
2019-11-17 21:14:06.048,8550.91,0.00568,50.0
2019-11-17 21:14:07.787,8552.16,0.00129,50.0
2019-11-17 21:14:08.265,8553.47,0.02575,50.0
2019-11-17 21:14:09.738,8553.43,0.001991,50.0
2019-11-17 21:14:09.882,8553.43,0.021383,50.0
2019-11-17 21:14:11.000,8553.43,0.002236,50.0
2019-11-17 21:14:11.700,8553.43,0.001369,50.0
2019-11-17 21:14:12.895,8552.93,0.00129,50.0
2019-11-17 21:14:13.247,8552.28,0.00129,50.0
2019-11-17 21:14:14.667,8553.34,0.4,50.0
2019-11-17 21:14:15.287,8553.34,0.066609,50.0
2019-11-17 21:14:15.325,8553.34,0.041721,50.0
2019-11-17 21:14:16.380,8553.28,0.05,50.0
2019-11-17 21:14:16.380,8554.15,0.059884,50.0
2019-11-17 21:14:16.971,8553.28,0.05,50.0
2019-11-17 21:14:16.971,8554.15,0.010076,50.0
2019-11-17 21:14:18.001,8553.22,0.00129,50.0
2019-11-17 21:14:19.921,8554.39,0.001356,50.0
2019-11-17 21:14:20.010,8553.76,0.365437,50.0
2019-11-17 21:14:21.506,8554.39,0.105,50.0
2019-11-17 21:14:21.510,8554.39,0.057403,50.0
2019-11-17 21:14:21.513,8554.39,0.1,50.0
2019-11-17 21:14:22.043,8554.61,0.005179,50.0
2019-11-17 21:14:22.775,8553.89,0.00448,50.0
2019-11-17 21:14:23.095,8554.0,0.00129,50.0
2019-11-17 21:14:23.785,8554.83,0.236033,50.0
2019-11-17 21:14:25.039,8554.9,0.044378,50.0
2019-11-17 21:14:26.122,8554.88,0.001361,50.0
2019-11-17 21:14:27.170,8554.76,0.573498,50.0
2019-11-17 21:14:28.097,8554.81,0.00129,50.0
2019-11-17 21:14:31.486,8555.37,0.086751,50.0
2019-11-17 21:14:32.331,8555.88,0.001378,50.0
2019-11-17 21:14:33.104,8555.18,0.00129,50.0
2019-11-17 21:14:33.638,8555.18,0.085767,50.0
2019-11-17 21:14:33.746,8555.18,0.067826,50.0
2019-11-17 21:14:34.651,8555.87,0.032258,50.0
2019-11-17 21:14:37.087,8555.23,0.256,50.0
2019-11-17 21:14:37.426,8555.23,0.001991,50.0
2019-11-17 21:14:38.106,8555.25,0.00129,50.0
2019-11-17 21:14:38.332,8555.78,0.050622,50.0
2019-11-17 21:14:38.348,8555.78,0.000915,50.0
2019-11-17 21:14:38.348,8555.79,0.041521,50.0
2019-11-17 21:14:39.371,8555.77,0.027874,50.0
2019-11-17 21:14:39.487,8555.77,0.002336,50.0
2019-11-17 21:14:40.127,8555.85,0.008885,50.0
2019-11-17 21:14:40.290,8555.46,0.4,50.0
2019-11-17 21:14:40.329,8555.46,0.066,50.0
2019-11-17 21:14:40.546,8555.85,0.000683,50.0
2019-11-17 21:14:40.546,8555.87,0.000671,50.0
2019-11-17 21:14:40.562,8555.5,0.096574,50.0
2019-11-17 21:14:40.667,8555.52,0.1,50.0
2019-11-17 21:14:40.676,8555.52,0.13,50.0
2019-11-17 21:14:41.169,8555.6,0.010278,50.0
2019-11-17 21:14:42.696,8555.6,0.240126,50.0
2019-11-17 21:14:43.221,8555.59,0.00129,50.0
2019-11-17 21:14:43.872,8555.6,0.006807,50.0
2019-11-17 21:14:44.571,8555.59,0.203603,50.0
2019-11-17 21:14:44.571,8555.75,0.529624,50.0
2019-11-17 21:14:44.747,8555.85,0.046529,50.0
2019-11-17 21:14:45.128,8555.85,0.027078,50.0
2019-11-17 21:14:46.754,8555.87,0.001204,50.0
2019-11-17 21:14:46.754,8555.87,9.6e-05,50.0
2019-11-17 21:14:47.751,8555.87,0.014222,50.0
2019-11-17 21:14:48.209,8555.78,0.00129,50.0
2019-11-17 21:14:48.571,8555.85,0.010702,50.0
2019-11-17 21:14:48.792,8555.9,0.027527,50.0
2019-11-17 21:14:49.534,8555.96,0.004299,50.0
2019-11-17 21:14:49.587,8555.96,0.074981,50.0
2019-11-17 21:14:49.847,8556.51,0.286388,50.0
2019-11-17 21:14:52.956,8556.93,0.001351,50.0
2019-11-17 21:14:54.973,8556.11,0.005043,50.0
2019-11-17 21:14:55.075,8556.11,0.050818,50.0
2019-11-17 21:14:56.567,8556.14,0.192871,50.0
2019-11-17 21:14:57.578,8556.64,0.352427,50.0
2019-11-17 21:14:58.252,8556.91,1.227978,50.0
2019-11-17 21:14:58.743,8556.91,0.001232,50.0
2019-11-17 21:14:59.175,8556.95,0.001306,50.0
2019-11-17 21:14:59.671,8556.16,0.00897,50.0
2019-11-17 21:14:59.705,8556.16,0.233727,50.0
2019-11-17 21:14:59.910,8556.16,0.075561,50.0
2019-11-17 21:15:00.026,8556.16,0.256872,50.0
2019-11-17 21:15:00.692,8556.95,0.020143,50.0
2019-11-17 21:15:01.226,8556.68,0.075427,50.0
2019-11-17 21:15:01.661,8556.95,0.058591,50.0
2019-11-17 21:15:02.152,8556.26,0.023372,50.0
2019-11-17 21:15:02.152,8556.25,0.029211,50.0
2019-11-17 21:15:03.035,8556.92,0.023372,50.0
2019-11-17 21:15:03.035,8556.92,0.067022,50.0
2019-11-17 21:15:04.629,8556.45,0.009794,50.0
2019-11-17 21:15:05.041,8556.53,0.088559,50.0
2019-11-17 21:15:05.375,8556.95,0.001341,50.0
2019-11-17 21:15:06.015,8556.67,0.017206,50.0
2019-11-17 21:15:06.122,8556.68,0.130852,50.0
2019-11-17 21:15:06.541,8556.79,0.389946,50.0
2019-11-17 21:15:09.375,8556.95,0.03811,50.0
2019-11-17 21:15:09.375,8557.3,0.003698,50.0
2019-11-17 21:15:10.084,8556.86,0.002335,50.0
2019-11-17 21:15:10.213,8557.3,0.001681,50.0
2019-11-17 21:15:10.435,8556.88,0.001285,50.0
2019-11-17 21:15:10.541,8557.3,0.001376,50.0
2019-11-17 21:15:10.930,8556.88,0.005151,50.0
2019-11-17 21:15:11.582,8557.3,0.001395,50.0
2019-11-17 21:15:12.605,8557.18,0.299821,50.0
2019-11-17 21:15:15.600,8557.17,0.482758,50.0
2019-11-17 21:15:16.183,8557.03,0.143767,50.0
2019-11-17 21:15:16.290,8557.05,0.150787,50.0
2019-11-17 21:15:16.510,8557.08,0.092826,50.0
2019-11-17 21:15:16.605,8557.1,0.052426,50.0
2019-11-17 21:15:16.715,8557.12,0.076582,50.0
2019-11-17 21:15:16.831,8557.14,0.032198,50.0
2019-11-17 21:15:18.015,8557.3,0.00185,50.0
2019-11-17 21:15:18.015,8557.3,0.002872,50.0
2019-11-17 21:15:18.015,8558.46,0.002196,50.0
2019-11-17 21:15:18.915,8557.38,0.017184,50.0
2019-11-17 21:15:19.594,8557.42,0.001404,50.0
2019-11-17 21:15:19.749,8557.42,0.003398,50.0
2019-11-17 21:15:19.816,8558.45,0.001322,50.0
2019-11-17 21:15:19.862,8557.42,0.015501,50.0
2019-11-17 21:15:19.952,8557.42,0.001675,50.0
2019-11-17 21:15:20.372,8557.75,0.190001,50.0
2019-11-17 21:15:23.507,8557.7,0.022157,50.0
2019-11-17 21:15:23.729,8557.73,0.023348,50.0
2019-11-17 21:15:23.774,8558.17,0.066483,50.0
2019-11-17 21:15:23.821,8557.74,0.023368,50.0
2019-11-17 21:15:23.821,8557.69,0.037631,50.0
2019-11-17 21:15:23.822,8557.69,0.004651,50.0
2019-11-17 21:15:23.829,8557.69,0.122008,50.0
2019-11-17 21:15:23.839,8557.69,0.056166,50.0
2019-11-17 21:15:23.839,8557.52,0.057754,50.0
2019-11-17 21:15:23.839,8556.19,0.252064,50.0
2019-11-17 21:15:23.936,8557.75,0.003774,50.0
2019-11-17 21:15:24.240,8557.75,0.019594,50.0
2019-11-17 21:15:24.240,8556.23,0.034259,50.0
2019-11-17 21:15:24.240,8556.19,0.071055,50.0
2019-11-17 21:15:24.341,8556.26,0.021026,50.0
2019-11-17 21:15:24.341,8556.24,0.278893,50.0
2019-11-17 21:15:24.633,8556.31,0.012924,50.0
2019-11-17 21:15:24.633,8556.3,0.017067,50.0
2019-11-17 21:15:25.936,8557.45,0.023368,50.0
2019-11-17 21:15:25.936,8557.46,0.021398,50.0
2019-11-17 21:15:26.004,8558.15,0.001313,50.0
2019-11-17 21:15:27.267,8556.8,0.135778,50.0
2019-11-17 21:15:27.432,8556.6,0.002027,50.0
2019-11-17 21:15:30.905,8557.03,0.181266,50.0
2019-11-17 21:15:31.071,8557.38,0.043754,50.0
2019-11-17 21:15:34.223,8557.31,0.00134,50.0
2019-11-17 21:15:35.892,8557.07,0.035902,50.0
2019-11-17 21:15:37.306,8556.64,0.020311,50.0
2019-11-17 21:15:38.947,8556.64,0.02029,50.0
2019-11-17 21:15:39.391,8556.64,0.002607,50.0
2019-11-17 21:15:40.423,8557.21,0.001365,50.0
2019-11-17 21:15:41.413,8556.93,0.047073,50.0
2019-11-17 21:15:41.896,8556.64,0.006753,50.0
2019-11-17 21:15:41.998,8556.64,0.002364,50.0
2019-11-17 21:15:43.068,8556.63,0.011569,50.0
2019-11-17 21:15:43.264,8556.63,0.011795,50.0
2019-11-17 21:15:44.102,8556.63,7e-06,50.0
2019-11-17 21:15:44.102,8556.19,0.462616,50.0
2019-11-17 21:15:44.273,8556.18,0.079648,50.0
2019-11-17 21:15:44.273,8556.03,0.042553,50.0
2019-11-17 21:15:44.273,8556.0,0.270629,50.0
2019-11-17 21:15:44.273,8555.59,0.00717,50.0
2019-11-17 21:15:44.433,8556.3,0.17958,50.0
2019-11-17 21:15:44.606,8556.26,0.002,50.0
2019-11-17 21:15:44.697,8555.59,0.011569,50.0
2019-11-17 21:15:44.718,8556.23,0.021579,50.0
2019-11-17 21:15:44.794,8555.2,0.046262,50.0
2019-11-17 21:15:44.964,8555.1,0.002337,50.0
2019-11-17 21:15:45.349,8555.1,0.032114,50.0
2019-11-17 21:15:45.349,8555.0,0.435361,50.0
2019-11-17 21:15:45.392,8555.0,0.01157,50.0
2019-11-17 21:15:45.394,8555.0,0.056811,50.0
2019-11-17 21:15:45.394,8555.0,0.132147,50.0
2019-11-17 21:15:45.579,8554.03,0.002338,50.0
2019-11-17 21:15:45.804,8555.81,0.002335,50.0
2019-11-17 21:15:46.323,8552.67,0.020254,50.0
2019-11-17 21:15:46.323,8552.6,0.26516,50.0
2019-11-17 21:15:46.323,8552.27,0.009016,50.0
2019-11-17 21:15:46.323,8552.24,0.019626,50.0
2019-11-17 21:15:46.323,8552.17,0.05,50.0
2019-11-17 21:15:46.323,8551.45,0.009743,50.0
2019-11-17 21:15:46.323,8550.7,0.001958,50.0
2019-11-17 21:15:46.323,8550.7,0.009172,50.0
2019-11-17 21:15:46.323,8550.7,0.001958,50.0
2019-11-17 21:15:46.323,8550.7,0.001958,50.0
2019-11-17 21:15:46.323,8550.7,0.001958,50.0
2019-11-17 21:15:46.323,8550.7,0.00186,50.0
2019-11-17 21:15:46.323,8550.6,0.001931,50.0
2019-11-17 21:15:46.323,8550.6,0.001931,50.0
2019-11-17 21:15:46.323,8550.6,0.001931,50.0
2019-11-17 21:15:46.323,8550.6,0.001931,50.0
2019-11-17 21:15:46.323,8550.6,0.001931,50.0
2019-11-17 21:15:46.323,8550.6,0.00018,50.0
2019-11-17 21:15:46.323,8550.47,0.097502,50.0
2019-11-17 21:15:46.328,8550.47,0.018784,50.0
2019-11-17 21:15:46.476,8550.38,0.012422,50.0
2019-11-17 21:15:46.476,8550.21,0.009144,50.0
2019-11-17 21:15:46.476,8550.2,0.03629,50.0
2019-11-17 21:15:46.523,8550.36,0.007677,50.0
2019-11-17 21:15:46.523,8550.2,0.016323,48.31369958530622
2019-11-17 21:15:46.523,8550.2,0.115711,48.313699585306225
2019-11-17 21:15:46.523,8550.2,0.289278,48.31369958530622
2019-11-17 21:15:46.525,8550.2,0.467639,48.31369958530622
2019-11-17 21:15:46.740,8554.6,0.002805,49.13834291160393
2019-11-17 21:15:47.044,8553.11,0.03273,48.87401338364464
2019-11-17 21:15:47.044,8553.1,0.004682,48.87224716446029
2019-11-17 21:15:47.187,8553.11,0.007329,48.874096650139364
2019-11-17 21:15:47.612,8553.11,0.002335,48.874096650139364
2019-11-17 21:15:47.678,8553.11,0.023034,48.87409665013936
2019-11-17 21:15:48.204,8553.13,0.046342,48.87780656458404
2019-11-17 21:15:48.301,8553.12,0.050748,48.87603142616598
2019-11-17 21:15:48.416,8553.12,0.049202,48.87603142616599
2019-11-17 21:15:48.520,8552.17,0.010673,48.70763690862358
2019-11-17 21:15:48.632,8553.08,0.001326,48.876530628850034
2019-11-17 21:15:49.203,8551.98,0.002338,48.682563156339825
2019-11-17 21:15:50.489,8551.99,0.110907,48.6844163828622
2019-11-17 21:15:50.614,8551.99,0.006649,48.6844163828622
2019-11-17 21:15:52.244,8551.98,0.018012,48.68265471281241
2019-11-17 21:15:52.690,8551.98,0.00866,48.68265471281241
2019-11-17 21:15:53.103,8551.99,0.033856,48.749376469749855
2019-11-17 21:15:53.103,8551.99,0.033856,48.749376469749855
2019-11-17 21:15:53.212,8551.99,0.046066,48.8888094897815
2019-11-17 21:15:53.103,8551.99,0.033856,48.749376469749855
2019-11-17 21:15:53.212,8551.99,0.046066,48.8888094897815
2019-11-17 21:15:53.315,8551.99,0.030281,48.8888094897815
2019-11-17 21:15:53.103,8551.99,0.033856,48.749376469749855
2019-11-17 21:15:53.212,8551.99,0.046066,48.8888094897815
2019-11-17 21:15:53.315,8551.99,0.030281,48.8888094897815
2019-11-17 21:15:53.315,8551.99,0.022997,48.88515686414645
2019-11-17 21:15:53.103,8551.99,0.033856,48.749376469749855
2019-11-17 21:15:53.212,8551.99,0.046066,48.8888094897815
2019-11-17 21:15:53.315,8551.99,0.030281,48.8888094897815
2019-11-17 21:15:53.315,8551.99,0.022997,48.88515686414645
2019-11-17 21:15:53.377,8551.98,0.004205,48.69265808256509
2019-11-17 21:15:53.103,8551.99,0.033856,48.749376469749855
2019-11-17 21:15:53.212,8551.99,0.046066,48.8888094897815
2019-11-17 21:15:53.315,8551.99,0.030281,48.8888094897815
2019-11-17 21:15:53.315,8551.99,0.022997,48.88515686414645
2019-11-17 21:15:53.377,8551.98,0.004205,48.69265808256509
2019-11-17 21:15:53.523,8551.99,0.007253,48.745107895587324
2019-11-17 21:15:53.103,8551.99,0.033856,48.749376469749855
2019-11-17 21:15:53.212,8551.99,0.046066,48.8888094897815
2019-11-17 21:15:53.315,8551.99,0.030281,48.8888094897815
2019-11-17 21:15:53.315,8551.99,0.022997,48.88515686414645
2019-11-17 21:15:53.377,8551.98,0.004205,48.69265808256509
2019-11-17 21:15:53.523,8551.99,0.007253,48.745107895587324
2019-11-17 21:15:53.538,8551.99,0.006281,48.75219936083873
2019-11-17 21:15:54.245,8551.98,0.008874,48.75570079362229
2019-11-17 21:15:54.245,8551.98,0.008874,48.75570079362229
2019-11-17 21:15:54.245,8551.98,0.009138,48.7574516986282
2019-11-17 21:15:54.245,8551.98,0.008874,48.75570079362229
2019-11-17 21:15:54.245,8551.98,0.009138,48.7574516986282
2019-11-17 21:15:54.502,8551.98,0.002339,48.755611420362726
2019-11-17 21:15:55.253,8551.23,0.018012,48.755611420362726
2019-11-17 21:15:55.253,8551.23,0.018012,48.755611420362726
2019-11-17 21:15:55.594,8551.32,0.017138,48.76261628533441
2019-11-17 21:15:56.849,8551.99,0.001378,48.78092570648846
2019-11-17 21:15:56.849,8551.99,0.001378,48.78092570648846
2019-11-17 21:15:56.950,8551.57,0.03278,48.9459343180839
2019-11-17 21:15:57.377,8551.64,0.008124,48.68865416397199
2019-11-17 21:15:58.110,8551.77,0.268469,48.69971264367826
2019-11-17 21:15:58.110,8551.77,0.268469,48.69971264367826
2019-11-17 21:15:58.113,8551.97,0.104678,48.72890484739685
2019-11-17 21:15:58.110,8551.77,0.268469,48.69971264367826
2019-11-17 21:15:58.113,8551.97,0.104678,48.72890484739685
2019-11-17 21:15:58.181,8551.61,0.001232,48.76385948544963
2019-11-17 21:16:00.425,8551.88,0.122116,48.69911123853213
2019-11-17 21:16:01.699,8551.85,0.003874,48.774896116922214
2019-11-17 21:16:01.699,8551.85,0.003874,48.774896116922214
2019-11-17 21:16:01.884,8551.41,0.231237,48.91331680856431
2019-11-17 21:16:02.094,8551.85,0.01124,48.83787661406037
2019-11-17 21:16:02.094,8551.85,0.01124,48.83787661406037
2019-11-17 21:16:02.182,8551.41,0.011241,48.95180075255329
2019-11-17 21:16:02.094,8551.85,0.01124,48.83787661406037
2019-11-17 21:16:02.182,8551.41,0.011241,48.95180075255329
2019-11-17 21:16:02.853,8551.43,0.00252,48.87473612651605
2019-11-17 21:16:03.089,8551.84,0.001369,49.00990099009898
2019-11-17 21:16:03.089,8551.84,0.001369,49.00990099009898
2019-11-17 21:16:03.445,8551.38,0.002339,49.0865453503367
2019-11-17 21:16:04.819,8551.4,0.002598,49.00579357699717
2019-11-17 21:16:05.317,8551.4,0.116933,49.00944070948351
2019-11-17 21:16:06.042,8551.39,0.248499,48.70309745655996
2019-11-17 21:16:06.042,8551.39,0.248499,48.70309745655996
2019-11-17 21:16:06.515,8551.4,0.010562,48.985056265151734
2019-11-17 21:16:07.601,8551.39,0.002339,48.71412462260388
2019-11-17 21:16:07.927,8551.39,0.002339,48.75313990316357
2019-11-17 21:16:07.927,8551.39,0.002339,48.75313990316357
2019-11-17 21:16:07.996,8551.39,2.8,48.78866261065958
2019-11-17 21:16:07.927,8551.39,0.002339,48.75313990316357
2019-11-17 21:16:07.996,8551.39,2.8,48.78866261065958
2019-11-17 21:16:07.996,8551.38,0.058466,48.78679685222978
2019-11-17 21:16:07.927,8551.39,0.002339,48.75313990316357
2019-11-17 21:16:07.996,8551.39,2.8,48.78866261065958
2019-11-17 21:16:07.996,8551.38,0.058466,48.78679685222978
2019-11-17 21:16:07.996,8551.21,0.5,48.783153599533684
2019-11-17 21:16:07.927,8551.39,0.002339,48.75313990316357
2019-11-17 21:16:07.996,8551.39,2.8,48.78866261065958
2019-11-17 21:16:07.996,8551.38,0.058466,48.78679685222978
2019-11-17 21:16:07.996,8551.21,0.5,48.783153599533684
2019-11-17 21:16:07.996,8551.17,0.039834,48.93826980008024
2019-11-17 21:16:09.264,8551.37,0.001339,48.93111638954869
2019-11-17 21:16:09.264,8551.37,0.001339,48.93111638954869
2019-11-17 21:16:09.290,8551.26,0.14491,49.05439514211513
2019-11-17 21:16:09.264,8551.37,0.001339,48.93111638954869
2019-11-17 21:16:09.290,8551.26,0.14491,49.05439514211513
2019-11-17 21:16:09.294,8551.37,0.202385,49.05798426925201
2019-11-17 21:16:09.264,8551.37,0.001339,48.93111638954869
2019-11-17 21:16:09.290,8551.26,0.14491,49.05439514211513
2019-11-17 21:16:09.294,8551.37,0.202385,49.05798426925201
2019-11-17 21:16:09.294,8551.37,0.001339,49.08027061620068
2019-11-17 21:16:09.264,8551.37,0.001339,48.93111638954869
2019-11-17 21:16:09.290,8551.26,0.14491,49.05439514211513
2019-11-17 21:16:09.294,8551.37,0.202385,49.05798426925201
2019-11-17 21:16:09.294,8551.37,0.001339,49.08027061620068
2019-11-17 21:16:09.352,8551.37,0.046612,49.19541072541345
2019-11-17 21:16:09.264,8551.37,0.001339,48.93111638954869
2019-11-17 21:16:09.290,8551.26,0.14491,49.05439514211513
2019-11-17 21:16:09.294,8551.37,0.202385,49.05798426925201
2019-11-17 21:16:09.294,8551.37,0.001339,49.08027061620068
2019-11-17 21:16:09.352,8551.37,0.046612,49.19541072541345
2019-11-17 21:16:09.352,8551.4,0.029026,49.072202829322265
2019-11-17 21:16:10.337,8551.4,0.014922,48.803191489361865
2019-11-17 21:16:10.337,8551.4,0.014922,48.803191489361865
2019-11-17 21:16:10.354,8551.41,0.794394,48.81401019729557
2019-11-17 21:16:10.337,8551.4,0.014922,48.803191489361865
2019-11-17 21:16:10.354,8551.41,0.794394,48.81401019729557
2019-11-17 21:16:10.375,8551.41,0.017,49.06970698555356
2019-11-17 21:16:10.337,8551.4,0.014922,48.803191489361865
2019-11-17 21:16:10.354,8551.41,0.794394,48.81401019729557
2019-11-17 21:16:10.375,8551.41,0.017,49.06970698555356
2019-11-17 21:16:10.375,8551.41,0.008625,49.06970698555356
2019-11-17 21:16:10.337,8551.4,0.014922,48.803191489361865
2019-11-17 21:16:10.354,8551.41,0.794394,48.81401019729557
2019-11-17 21:16:10.375,8551.41,0.017,49.06970698555356
2019-11-17 21:16:10.375,8551.41,0.008625,49.06970698555356
2019-11-17 21:16:10.375,8551.65,0.165624,49.179290579521435
2019-11-17 21:16:10.337,8551.4,0.014922,48.803191489361865
2019-11-17 21:16:10.354,8551.41,0.794394,48.81401019729557
2019-11-17 21:16:10.375,8551.41,0.017,49.06970698555356
2019-11-17 21:16:10.375,8551.41,0.008625,49.06970698555356
2019-11-17 21:16:10.375,8551.65,0.165624,49.179290579521435
2019-11-17 21:16:10.413,8551.85,0.017026,49.222759390107846
2019-11-17 21:16:10.337,8551.4,0.014922,48.803191489361865
2019-11-17 21:16:10.354,8551.41,0.794394,48.81401019729557
2019-11-17 21:16:10.375,8551.41,0.017,49.06970698555356
2019-11-17 21:16:10.375,8551.41,0.008625,49.06970698555356
2019-11-17 21:16:10.375,8551.65,0.165624,49.179290579521435
2019-11-17 21:16:10.413,8551.85,0.017026,49.222759390107846
2019-11-17 21:16:10.611,8551.44,0.017141,48.93410127907875
2019-11-17 21:16:10.337,8551.4,0.014922,48.803191489361865
2019-11-17 21:16:10.354,8551.41,0.794394,48.81401019729557
2019-11-17 21:16:10.375,8551.41,0.017,49.06970698555356
2019-11-17 21:16:10.375,8551.41,0.008625,49.06970698555356
2019-11-17 21:16:10.375,8551.65,0.165624,49.179290579521435
2019-11-17 21:16:10.413,8551.85,0.017026,49.222759390107846
2019-11-17 21:16:10.611,8551.44,0.017141,48.93410127907875
2019-11-17 21:16:10.631,8551.99,0.000497,48.875607022787044
2019-11-17 21:16:11.045,8552.11,0.020351,48.98773349241269
2019-11-17 21:16:11.665,8554.8,0.038018,49.215972456120966
2019-11-17 21:16:11.665,8554.8,0.038018,49.215972456120966
2019-11-17 21:16:11.679,8552.68,0.002338,49.72580406106394
2019-11-17 21:16:11.665,8554.8,0.038018,49.215972456120966
2019-11-17 21:16:11.679,8552.68,0.002338,49.72580406106394
2019-11-17 21:16:12.253,8554.56,0.001181,49.41999631743705
2019-11-17 21:16:15.481,8554.18,0.001367,49.76776505869869
2019-11-17 21:16:18.204,8553.38,0.002324,49.698696176180654
2019-11-17 21:16:18.204,8553.38,0.002324,49.698696176180654
2019-11-17 21:16:18.427,8554.79,0.060805,49.61172481679958
2019-11-17 21:16:18.930,8555.66,0.142012,49.86942328618076
2019-11-17 21:16:18.930,8555.66,0.142012,49.86942328618076
2019-11-17 21:16:18.930,8555.7,0.587988,50.03797331018753
2019-11-17 21:16:20.048,8554.71,0.429193,50.16855765396748
2019-11-17 21:16:20.048,8554.71,0.429193,50.16855765396748
2019-11-17 21:16:20.778,8554.46,0.001525,49.80059459067503
2019-11-17 21:16:21.685,8555.57,0.001306,49.71907057672074
2019-11-17 21:16:21.685,8555.57,0.001306,49.71907057672074
2019-11-17 21:16:22.042,8554.67,0.002338,49.95844925389321
2019-11-17 21:16:22.609,8554.79,0.032,49.98192596876801
2019-11-17 21:16:23.898,8555.69,0.274026,49.84413513121671
2019-11-17 21:16:24.962,8555.34,0.149469,50.17582019213361
2019-11-17 21:16:24.962,8555.34,0.149469,50.17582019213361
2019-11-17 21:16:24.962,8555.33,0.023375,50.114051920779346
2019-11-17 21:16:24.962,8555.34,0.149469,50.17582019213361
2019-11-17 21:16:24.962,8555.33,0.023375,50.114051920779346
2019-11-17 21:16:24.962,8555.33,0.227156,49.94187313812401
2019-11-17 21:16:27.903,8555.96,0.001364,49.94187313812401
2019-11-17 21:16:28.701,8555.71,0.190428,50.056181811591486
2019-11-17 21:16:30.803,8555.8,0.0172,50.01629785230493
2019-11-17 21:16:32.168,8556.61,0.011536,50.0325850832727
2019-11-17 21:16:32.168,8556.61,0.011536,50.0325850832727
2019-11-17 21:16:32.664,8556.12,0.305008,50.178693909967095
2019-11-17 21:16:33.775,8555.83,0.046079,50.09009009009008
2019-11-17 21:16:33.775,8555.83,0.046079,50.09009009009008
2019-11-17 21:16:34.105,8556.61,0.001298,50.03779833687302
2019-11-17 21:16:35.068,8556.61,0.019891,50.17769321893953
2019-11-17 21:16:35.068,8556.61,0.019891,50.17769321893953
2019-11-17 21:16:35.068,8556.61,0.023522,50.17769321893953
2019-11-17 21:16:35.409,8555.83,0.002303,50.17769321893953
2019-11-17 21:16:36.154,8556.62,0.052701,50.16508756818833
2019-11-17 21:16:36.154,8556.62,0.052701,50.16508756818833
2019-11-17 21:16:36.571,8556.62,0.00406,50.18475336322879
2019-11-17 21:16:37.194,8556.43,0.250869,50.273125853518344
2019-11-17 21:16:39.922,8555.86,0.065814,50.151100877824156
2019-11-17 21:16:40.326,8556.62,0.021154,50.05565729469663
2019-11-17 21:16:41.436,8556.62,0.001875,50.19338203695743
2019-11-17 21:16:41.922,8556.62,0.001875,50.247365024736666
2019-11-17 21:16:41.922,8556.62,0.001875,50.247365024736666
2019-11-17 21:16:42.307,8556.62,0.001309,50.305075012562014
2019-11-17 21:16:43.419,8555.9,0.043952,50.19782749442491
2019-11-17 21:16:43.419,8555.9,0.043952,50.19782749442491
2019-11-17 21:16:43.529,8555.9,0.025813,50.06637247515498
2019-11-17 21:16:45.424,8555.9,0.043952,50.08254378409401
2019-11-17 21:16:45.595,8555.9,0.011569,50.17257496224905
2019-11-17 21:16:45.595,8555.9,0.011569,50.17257496224905
2019-11-17 21:16:45.844,8555.9,0.059627,50.08823423488308
2019-11-17 21:16:46.462,8555.92,0.023372,50.1641118124436
2019-11-17 21:16:46.462,8555.92,0.023372,50.1641118124436
2019-11-17 21:16:46.575,8555.93,0.023373,50.131735662467875
2019-11-17 21:16:46.462,8555.92,0.023372,50.1641118124436
2019-11-17 21:16:46.575,8555.93,0.023373,50.131735662467875
2019-11-17 21:16:46.575,8555.92,0.023454,50.09391027956376
2019-11-17 21:16:46.462,8555.92,0.023372,50.1641118124436
2019-11-17 21:16:46.575,8555.93,0.023373,50.131735662467875
2019-11-17 21:16:46.575,8555.92,0.023454,50.09391027956376
2019-11-17 21:16:46.782,8555.93,0.023372,50.09029834573429
2019-11-17 21:16:47.298,8555.93,1e-06,50.09391027956376
2019-11-17 21:16:47.298,8555.93,1e-06,50.09391027956376
2019-11-17 21:16:47.298,8555.92,0.122119,49.98189979727767
2019-11-17 21:16:47.298,8555.93,1e-06,50.09391027956376
2019-11-17 21:16:47.298,8555.92,0.122119,49.98189979727767
2019-11-17 21:16:47.298,8555.79,0.08,49.77829468634164
2019-11-17 21:16:47.298,8555.93,1e-06,50.09391027956376
2019-11-17 21:16:47.298,8555.92,0.122119,49.98189979727767
2019-11-17 21:16:47.298,8555.79,0.08,49.77829468634164
2019-11-17 21:16:47.298,8555.64,0.021612,49.80182538816803
2019-11-17 21:16:47.298,8555.93,1e-06,50.09391027956376
2019-11-17 21:16:47.298,8555.92,0.122119,49.98189979727767
2019-11-17 21:16:47.298,8555.79,0.08,49.77829468634164
2019-11-17 21:16:47.298,8555.64,0.021612,49.80182538816803
2019-11-17 21:16:47.546,8554.72,0.14834,49.807258709724124
2019-11-17 21:16:47.298,8555.93,1e-06,50.09391027956376
2019-11-17 21:16:47.298,8555.92,0.122119,49.98189979727767
2019-11-17 21:16:47.298,8555.79,0.08,49.77829468634164
2019-11-17 21:16:47.298,8555.64,0.021612,49.80182538816803
2019-11-17 21:16:47.546,8554.72,0.14834,49.807258709724124
2019-11-17 21:16:47.700,8553.9,0.044583,49.639349015912224
2019-11-17 21:16:48.525,8555.53,0.001403,49.49042284062172
2019-11-17 21:16:48.984,8554.15,0.023311,49.78622498473062
2019-11-17 21:16:48.984,8554.15,0.023311,49.78622498473062
2019-11-17 21:16:49.108,8554.15,0.002365,49.599112320137536
2019-11-17 21:16:48.984,8554.15,0.023311,49.78622498473062
2019-11-17 21:16:49.108,8554.15,0.002365,49.599112320137536
2019-11-17 21:16:49.304,8555.18,0.014772,49.356207739893634
2019-11-17 21:16:49.627,8554.15,0.007049,49.689128481581434
2019-11-17 21:16:50.899,8554.15,2e-06,49.578656721769995
2019-11-17 21:16:50.899,8554.15,2e-06,49.578656721769995
2019-11-17 21:16:50.899,8553.93,0.007513,49.39537896782549
2019-11-17 21:16:51.804,8554.26,0.079822,49.366952017840454
2019-11-17 21:16:51.804,8554.26,0.079822,49.366952017840454
2019-11-17 21:16:51.804,8554.25,0.504387,49.44474393531002
2019-11-17 21:16:51.804,8554.26,0.079822,49.366952017840454
2019-11-17 21:16:51.804,8554.25,0.504387,49.44474393531002
2019-11-17 21:16:51.955,8555.51,0.0099,49.44296700927191
2019-11-17 21:16:53.467,8554.29,0.025726,49.66906371865047
2019-11-17 21:16:54.109,8555.2,0.214535,49.644198104773906
2019-11-17 21:16:54.109,8555.2,0.214535,49.644198104773906
2019-11-17 21:16:54.109,8555.21,0.219465,49.62077847739004
2019-11-17 21:16:55.359,8553.33,0.011569,49.683011569182234
2019-11-17 21:16:56.087,8552.9,0.025627,49.35069555626726
2019-11-17 21:16:56.087,8552.9,0.025627,49.35069555626726
2019-11-17 21:16:56.228,8553.6,0.181495,49.2753108348136
2019-11-17 21:16:56.501,8552.92,0.122221,49.401133947555145
2019-11-17 21:16:56.501,8552.92,0.122221,49.401133947555145
2019-11-17 21:16:56.501,8552.84,0.286335,49.28238122171963
2019-11-17 21:16:56.501,8552.92,0.122221,49.401133947555145
2019-11-17 21:16:56.501,8552.84,0.286335,49.28238122171963
2019-11-17 21:16:56.632,8552.93,0.011572,49.381885161701796
2019-11-17 21:16:56.501,8552.92,0.122221,49.401133947555145
2019-11-17 21:16:56.501,8552.84,0.286335,49.28238122171963
2019-11-17 21:16:56.632,8552.93,0.011572,49.381885161701796
2019-11-17 21:16:56.736,8554.26,0.001349,49.399766280675834
2019-11-17 21:16:56.501,8552.92,0.122221,49.401133947555145
2019-11-17 21:16:56.501,8552.84,0.286335,49.28238122171963
2019-11-17 21:16:56.632,8552.93,0.011572,49.381885161701796
2019-11-17 21:16:56.736,8554.26,0.001349,49.399766280675834
2019-11-17 21:16:56.930,8554.07,0.046432,49.6422150939405
2019-11-17 21:16:57.204,8552.05,0.002338,49.603663906993184
2019-11-17 21:16:57.204,8552.05,0.002338,49.603663906993184
2019-11-17 21:16:57.243,8553.85,0.085862,49.09824561403499
2019-11-17 21:16:58.081,8552.09,0.03943,49.41771269177132
2019-11-17 21:16:58.081,8552.09,0.03943,49.41771269177132
2019-11-17 21:16:58.423,8552.09,0.002348,49.1163016357084
2019-11-17 21:16:58.912,8553.23,0.016287,49.1163016357084
2019-11-17 21:17:00.386,8552.77,0.053069,49.31653434587497
2019-11-17 21:17:00.386,8552.77,0.053069,49.31653434587497
2019-11-17 21:17:00.497,8552.73,0.050864,49.28931208169488
2019-11-17 21:17:00.386,8552.77,0.053069,49.31653434587497
2019-11-17 21:17:00.497,8552.73,0.050864,49.28931208169488
2019-11-17 21:17:00.593,8552.72,0.048085,49.379601147478716
2019-11-17 21:17:00.386,8552.77,0.053069,49.31653434587497
2019-11-17 21:17:00.497,8552.73,0.050864,49.28931208169488
2019-11-17 21:17:00.593,8552.72,0.048085,49.379601147478716
2019-11-17 21:17:00.695,8552.72,0.022014,49.27972851305504
2019-11-17 21:17:01.148,8552.72,2.4e-05,49.37547706613006
2019-11-17 21:17:01.148,8552.72,2.4e-05,49.37547706613006
2019-11-17 21:17:01.242,8553.07,0.05227,49.27692414656203
2019-11-17 21:17:01.148,8552.72,2.4e-05,49.37547706613006
2019-11-17 21:17:01.242,8553.07,0.05227,49.27692414656203
2019-11-17 21:17:01.335,8553.09,0.053708,49.33856463317264
2019-11-17 21:17:01.148,8552.72,2.4e-05,49.37547706613006
2019-11-17 21:17:01.242,8553.07,0.05227,49.27692414656203
2019-11-17 21:17:01.335,8553.09,0.053708,49.33856463317264
2019-11-17 21:17:01.377,8553.09,0.035553,49.34208242197019
2019-11-17 21:17:01.148,8552.72,2.4e-05,49.37547706613006
2019-11-17 21:17:01.242,8553.07,0.05227,49.27692414656203
2019-11-17 21:17:01.335,8553.09,0.053708,49.33856463317264
2019-11-17 21:17:01.377,8553.09,0.035553,49.34208242197019
2019-11-17 21:17:01.548,8553.45,0.049554,49.34208242197019
2019-11-17 21:17:01.148,8552.72,2.4e-05,49.37547706613006
2019-11-17 21:17:01.242,8553.07,0.05227,49.27692414656203
2019-11-17 21:17:01.335,8553.09,0.053708,49.33856463317264
2019-11-17 21:17:01.377,8553.09,0.035553,49.34208242197019
2019-11-17 21:17:01.548,8553.45,0.049554,49.34208242197019
2019-11-17 21:17:01.633,8552.23,0.024,49.4980024318223
2019-11-17 21:17:01.148,8552.72,2.4e-05,49.37547706613006
2019-11-17 21:17:01.242,8553.07,0.05227,49.27692414656203
2019-11-17 21:17:01.335,8553.09,0.053708,49.33856463317264
2019-11-17 21:17:01.377,8553.09,0.035553,49.34208242197019
2019-11-17 21:17:01.548,8553.45,0.049554,49.34208242197019
2019-11-17 21:17:01.633,8552.23,0.024,49.4980024318223
2019-11-17 21:17:01.671,8553.44,0.04572,49.26452774028323
2019-11-17 21:17:01.148,8552.72,2.4e-05,49.37547706613006
2019-11-17 21:17:01.242,8553.07,0.05227,49.27692414656203
2019-11-17 21:17:01.335,8553.09,0.053708,49.33856463317264
2019-11-17 21:17:01.377,8553.09,0.035553,49.34208242197019
2019-11-17 21:17:01.548,8553.45,0.049554,49.34208242197019
2019-11-17 21:17:01.633,8552.23,0.024,49.4980024318223
2019-11-17 21:17:01.671,8553.44,0.04572,49.26452774028323
2019-11-17 21:17:01.701,8553.44,0.04664,49.422075009488346
2019-11-17 21:17:01.148,8552.72,2.4e-05,49.37547706613006
2019-11-17 21:17:01.242,8553.07,0.05227,49.27692414656203
2019-11-17 21:17:01.335,8553.09,0.053708,49.33856463317264
2019-11-17 21:17:01.377,8553.09,0.035553,49.34208242197019
2019-11-17 21:17:01.548,8553.45,0.049554,49.34208242197019
2019-11-17 21:17:01.633,8552.23,0.024,49.4980024318223
2019-11-17 21:17:01.671,8553.44,0.04572,49.26452774028323
2019-11-17 21:17:01.701,8553.44,0.04664,49.422075009488346
2019-11-17 21:17:01.701,8553.45,0.16138,49.43230838251051
2019-11-17 21:17:01.148,8552.72,2.4e-05,49.37547706613006
2019-11-17 21:17:01.242,8553.07,0.05227,49.27692414656203
2019-11-17 21:17:01.335,8553.09,0.053708,49.33856463317264
2019-11-17 21:17:01.377,8553.09,0.035553,49.34208242197019
2019-11-17 21:17:01.548,8553.45,0.049554,49.34208242197019
2019-11-17 21:17:01.633,8552.23,0.024,49.4980024318223
2019-11-17 21:17:01.671,8553.44,0.04572,49.26452774028323
2019-11-17 21:17:01.701,8553.44,0.04664,49.422075009488346
2019-11-17 21:17:01.701,8553.45,0.16138,49.43230838251051
2019-11-17 21:17:01.736,8553.44,0.046615,49.43917169974124
2019-11-17 21:17:02.045,8552.38,0.002338,49.507516848107834
2019-11-17 21:17:02.045,8552.38,0.002338,49.507516848107834
2019-11-17 21:17:02.376,8554.22,0.002332,49.41700013798805
2019-11-17 21:17:02.689,8554.17,0.015938,49.67221554830967
2019-11-17 21:17:02.689,8554.17,0.015938,49.67221554830967
2019-11-17 21:17:02.787,8552.73,0.175532,49.620470547827786
2019-11-17 21:17:02.689,8554.17,0.015938,49.67221554830967
2019-11-17 21:17:02.787,8552.73,0.175532,49.620470547827786
2019-11-17 21:17:02.845,8552.76,0.227004,49.33990012996786
2019-11-17 21:17:02.689,8554.17,0.015938,49.67221554830967
2019-11-17 21:17:02.787,8552.73,0.175532,49.620470547827786
2019-11-17 21:17:02.845,8552.76,0.227004,49.33990012996786
2019-11-17 21:17:02.845,8552.73,0.024152,49.48047049140973
2019-11-17 21:17:02.689,8554.17,0.015938,49.67221554830967
2019-11-17 21:17:02.787,8552.73,0.175532,49.620470547827786
2019-11-17 21:17:02.845,8552.76,0.227004,49.33990012996786
2019-11-17 21:17:02.845,8552.73,0.024152,49.48047049140973
2019-11-17 21:17:02.945,8554.12,0.001315,49.3416302815692
2019-11-17 21:17:02.689,8554.17,0.015938,49.67221554830967
2019-11-17 21:17:02.787,8552.73,0.175532,49.620470547827786
2019-11-17 21:17:02.845,8552.76,0.227004,49.33990012996786
2019-11-17 21:17:02.845,8552.73,0.024152,49.48047049140973
2019-11-17 21:17:02.945,8554.12,0.001315,49.3416302815692
2019-11-17 21:17:03.317,8552.8,0.011573,49.58083832335355
2019-11-17 21:17:03.625,8553.99,0.05243,49.48770491803287
2019-11-17 21:17:03.625,8553.99,0.05243,49.48770491803287
2019-11-17 21:17:03.721,8553.96,0.049618,49.6116107931316
2019-11-17 21:17:03.625,8553.99,0.05243,49.48770491803287
2019-11-17 21:17:03.721,8553.96,0.049618,49.6116107931316
2019-11-17 21:17:03.828,8553.94,0.003483,49.5584273877315
2019-11-17 21:17:04.695,8552.8,0.011573,49.632892804699104
2019-11-17 21:17:05.415,8553.58,0.089786,49.3663555222456
2019-11-17 21:17:05.997,8553.1,0.471501,49.61010658221806
2019-11-17 21:17:05.997,8553.1,0.471501,49.61010658221806
2019-11-17 21:17:06.454,8553.52,0.055141,49.529151793302745
2019-11-17 21:17:05.997,8553.1,0.471501,49.61010658221806
2019-11-17 21:17:06.454,8553.52,0.055141,49.529151793302745
2019-11-17 21:17:06.526,8552.8,0.000234,49.6011134874563
2019-11-17 21:17:05.997,8553.1,0.471501,49.61010658221806
2019-11-17 21:17:06.454,8553.52,0.055141,49.529151793302745
2019-11-17 21:17:06.526,8552.8,0.000234,49.6011134874563
2019-11-17 21:17:06.526,8552.26,0.016123,49.51706374758535
2019-11-17 21:17:05.997,8553.1,0.471501,49.61010658221806
2019-11-17 21:17:06.454,8553.52,0.055141,49.529151793302745
2019-11-17 21:17:06.526,8552.8,0.000234,49.6011134874563
2019-11-17 21:17:06.526,8552.26,0.016123,49.51706374758535
2019-11-17 21:17:06.566,8553.5,0.033949,49.426609383985856
2019-11-17 21:17:05.997,8553.1,0.471501,49.61010658221806
2019-11-17 21:17:06.454,8553.52,0.055141,49.529151793302745
2019-11-17 21:17:06.526,8552.8,0.000234,49.6011134874563
2019-11-17 21:17:06.526,8552.26,0.016123,49.51706374758535
2019-11-17 21:17:06.566,8553.5,0.033949,49.426609383985856
2019-11-17 21:17:06.650,8553.5,1e-06,49.74343393423804
2019-11-17 21:17:05.997,8553.1,0.471501,49.61010658221806
2019-11-17 21:17:06.454,8553.52,0.055141,49.529151793302745
2019-11-17 21:17:06.526,8552.8,0.000234,49.6011134874563
2019-11-17 21:17:06.526,8552.26,0.016123,49.51706374758535
2019-11-17 21:17:06.566,8553.5,0.033949,49.426609383985856
2019-11-17 21:17:06.650,8553.5,1e-06,49.74343393423804
2019-11-17 21:17:06.650,8553.51,0.033948,49.741737280983024
2019-11-17 21:17:06.714,8552.26,0.002338,49.74847226442495
2019-11-17 21:17:07.734,8553.51,0.261551,49.539402904787636
2019-11-17 21:17:08.753,8552.3,0.034033,49.760573284666634
2019-11-17 21:17:09.142,8553.44,0.001358,49.56637758505672
2019-11-17 21:17:09.142,8553.44,0.001358,49.56637758505672
2019-11-17 21:17:09.264,8553.41,0.004242,49.742396543127974
2019-11-17 21:17:09.142,8553.44,0.001358,49.56637758505672
2019-11-17 21:17:09.264,8553.41,0.004242,49.742396543127974
2019-11-17 21:17:09.487,8553.4,0.001602,49.75231889358032
2019-11-17 21:17:10.751,8552.66,0.173864,49.75066489361706
2019-11-17 21:17:10.751,8552.66,0.173864,49.75066489361706
2019-11-17 21:17:11.286,8552.3,0.048126,49.62857332360559
2019-11-17 21:17:10.751,8552.66,0.173864,49.75066489361706
2019-11-17 21:17:11.286,8552.3,0.048126,49.62857332360559
2019-11-17 21:17:11.397,8552.3,0.013518,49.54766875434919
2019-11-17 21:17:12.041,8552.3,0.002338,49.54766875434919
2019-11-17 21:17:13.316,8553.28,0.081672,49.569022676037676
2019-11-17 21:17:13.316,8553.28,0.081672,49.569022676037676
2019-11-17 21:17:13.330,8552.3,0.001991,49.733981031691215
2019-11-17 21:17:13.316,8553.28,0.081672,49.569022676037676
2019-11-17 21:17:13.330,8552.3,0.001991,49.733981031691215
2019-11-17 21:17:13.509,8552.3,0.077591,49.5485104139202
2019-11-17 21:17:13.316,8553.28,0.081672,49.569022676037676
2019-11-17 21:17:13.330,8552.3,0.001991,49.733981031691215
2019-11-17 21:17:13.509,8552.3,0.077591,49.5485104139202
2019-11-17 21:17:13.697,8552.31,0.001515,49.59590961570174
2019-11-17 21:17:14.026,8552.31,0.040574,49.62540017822369
2019-11-17 21:17:14.026,8552.31,0.040574,49.62540017822369
2019-11-17 21:17:14.026,8552.3,0.037552,49.627038088322685
2019-11-17 21:17:14.990,8553.02,0.023327,49.63359081006127
2019-11-17 21:17:14.990,8553.02,0.023327,49.63359081006127
2019-11-17 21:17:15.291,8552.61,0.160406,49.77432214278675
2019-11-17 21:17:14.990,8553.02,0.023327,49.63359081006127
2019-11-17 21:17:15.291,8552.61,0.160406,49.77432214278675
2019-11-17 21:17:15.350,8552.95,0.001376,49.707179048496656
2019-11-17 21:17:15.515,8552.92,0.047979,49.532833702004126
2019-11-17 21:17:15.515,8552.92,0.047979,49.532833702004126
2019-11-17 21:17:15.611,8552.91,0.00142,49.74139645912088
2019-11-17 21:17:15.515,8552.92,0.047979,49.532833702004126
2019-11-17 21:17:15.611,8552.91,0.00142,49.74139645912088
2019-11-17 21:17:15.748,8552.91,0.019681,49.916821932392885
2019-11-17 21:17:15.515,8552.92,0.047979,49.532833702004126
2019-11-17 21:17:15.611,8552.91,0.00142,49.74139645912088
2019-11-17 21:17:15.748,8552.91,0.019681,49.916821932392885
2019-11-17 21:17:15.819,8552.91,0.000909,49.58301235891092
2019-11-17 21:17:15.515,8552.92,0.047979,49.532833702004126
2019-11-17 21:17:15.611,8552.91,0.00142,49.74139645912088
2019-11-17 21:17:15.748,8552.91,0.019681,49.916821932392885
2019-11-17 21:17:15.819,8552.91,0.000909,49.58301235891092
2019-11-17 21:17:15.819,8552.91,0.006902,49.59796301259728
2019-11-17 21:17:15.515,8552.92,0.047979,49.532833702004126
2019-11-17 21:17:15.611,8552.91,0.00142,49.74139645912088
2019-11-17 21:17:15.748,8552.91,0.019681,49.916821932392885
2019-11-17 21:17:15.819,8552.91,0.000909,49.58301235891092
2019-11-17 21:17:15.819,8552.91,0.006902,49.59796301259728
2019-11-17 21:17:15.933,8552.9,0.002308,49.59796301259728
2019-11-17 21:17:15.515,8552.92,0.047979,49.532833702004126
2019-11-17 21:17:15.611,8552.91,0.00142,49.74139645912088
2019-11-17 21:17:15.748,8552.91,0.019681,49.916821932392885
2019-11-17 21:17:15.819,8552.91,0.000909,49.58301235891092
2019-11-17 21:17:15.819,8552.91,0.006902,49.59796301259728
2019-11-17 21:17:15.933,8552.9,0.002308,49.59796301259728
2019-11-17 21:17:15.933,8552.9,0.035037,49.910657091803955
2019-11-17 21:17:16.878,8553.08,0.001992,49.59970147228439
2019-11-17 21:17:16.878,8553.08,0.001992,49.59970147228439
2019-11-17 21:17:16.961,8553.08,0.049909,49.64055612071881
2019-11-17 21:17:17.307,8553.04,0.009204,49.73162114417726
2019-11-17 21:17:18.105,8553.36,0.144134,49.64104657888496
2019-11-17 21:17:18.105,8553.36,0.144134,49.64104657888496
2019-11-17 21:17:18.105,8553.28,0.165982,49.6958161982125
2019-11-17 21:17:18.105,8553.36,0.144134,49.64104657888496
2019-11-17 21:17:18.105,8553.28,0.165982,49.6958161982125
2019-11-17 21:17:18.201,8553.43,0.028569,49.69074967715637
2019-11-17 21:17:21.557,8554.99,0.001287,49.97780585242614
2019-11-17 21:17:23.927,8554.35,0.060015,49.98975899501613
2019-11-17 21:17:23.927,8554.35,0.060015,49.98975899501613
2019-11-17 21:17:24.235,8554.35,0.0079,49.88927877900052
2019-11-17 21:17:29.368,8554.63,0.015283,49.896078230945065
2019-11-17 21:17:29.368,8554.63,0.015283,49.896078230945065
2019-11-17 21:17:29.486,8554.99,0.040787,49.93872131817245
2019-11-17 21:17:29.368,8554.63,0.015283,49.896078230945065
2019-11-17 21:17:29.486,8554.99,0.040787,49.93872131817245
2019-11-17 21:17:29.616,8554.77,0.14325,50.271785579980154
2019-11-17 21:17:29.368,8554.63,0.015283,49.896078230945065
2019-11-17 21:17:29.486,8554.99,0.040787,49.93872131817245
2019-11-17 21:17:29.616,8554.77,0.14325,50.271785579980154
2019-11-17 21:17:29.641,8554.78,0.060006,50.25975801490194
2019-11-17 21:17:29.368,8554.63,0.015283,49.896078230945065
2019-11-17 21:17:29.486,8554.99,0.040787,49.93872131817245
2019-11-17 21:17:29.616,8554.77,0.14325,50.271785579980154
2019-11-17 21:17:29.641,8554.78,0.060006,50.25975801490194
2019-11-17 21:17:29.774,8554.99,1.5e-05,50.27864200485499
2019-11-17 21:17:29.368,8554.63,0.015283,49.896078230945065
2019-11-17 21:17:29.486,8554.99,0.040787,49.93872131817245
2019-11-17 21:17:29.616,8554.77,0.14325,50.271785579980154
2019-11-17 21:17:29.641,8554.78,0.060006,50.25975801490194
2019-11-17 21:17:29.774,8554.99,1.5e-05,50.27864200485499
2019-11-17 21:17:29.774,8556.01,0.001369,50.024054982817766
2019-11-17 21:17:29.368,8554.63,0.015283,49.896078230945065
2019-11-17 21:17:29.486,8554.99,0.040787,49.93872131817245
2019-11-17 21:17:29.616,8554.77,0.14325,50.271785579980154
2019-11-17 21:17:29.641,8554.78,0.060006,50.25975801490194
2019-11-17 21:17:29.774,8554.99,1.5e-05,50.27864200485499
2019-11-17 21:17:29.774,8556.01,0.001369,50.024054982817766
2019-11-17 21:17:29.855,8554.8,0.010168,50.229577850877185
2019-11-17 21:17:30.149,8554.58,0.003422,50.03925584570737
2019-11-17 21:17:30.149,8554.58,0.003422,50.03925584570737
2019-11-17 21:17:30.160,8554.58,0.007814,50.16082671776628
2019-11-17 21:17:30.149,8554.58,0.003422,50.03925584570737
2019-11-17 21:17:30.160,8554.58,0.007814,50.16082671776628
2019-11-17 21:17:30.750,8554.58,0.007431,50.01372777815909
2019-11-17 21:17:30.950,8554.58,0.045268,50.02918054172818
2019-11-17 21:17:31.693,8554.58,0.000154,50.041205961128995
2019-11-17 21:17:31.693,8554.58,0.000154,50.041205961128995
2019-11-17 21:17:31.693,8553.02,0.049652,50.051518065668226
2019-11-17 21:17:31.693,8554.58,0.000154,50.041205961128995
2019-11-17 21:17:31.693,8553.02,0.049652,50.051518065668226
2019-11-17 21:17:31.693,8552.97,0.040054,49.801790718337834
2019-11-17 21:17:31.693,8554.58,0.000154,50.041205961128995
2019-11-17 21:17:31.693,8553.02,0.049652,50.051518065668226
2019-11-17 21:17:31.693,8552.97,0.040054,49.801790718337834
2019-11-17 21:17:31.781,8553.06,0.002042,49.81370705862246
2019-11-17 21:17:31.693,8554.58,0.000154,50.041205961128995
2019-11-17 21:17:31.693,8553.02,0.049652,50.051518065668226
2019-11-17 21:17:31.693,8552.97,0.040054,49.801790718337834
2019-11-17 21:17:31.781,8553.06,0.002042,49.81370705862246
2019-11-17 21:17:31.826,8553.08,0.003193,49.82742712640535
2019-11-17 21:17:34.306,8553.82,0.029055,49.83937115516057
2019-11-17 21:17:34.306,8553.82,0.029055,49.83937115516057
2019-11-17 21:17:34.554,8554.68,0.484735,49.974428040506055
2019-11-17 21:17:34.306,8553.82,0.029055,49.83937115516057
2019-11-17 21:17:34.554,8554.68,0.484735,49.974428040506055
2019-11-17 21:17:34.721,8553.82,0.017906,50.12920775246516
2019-11-17 21:17:35.248,8553.81,0.154397,50.32771215948654
2019-11-17 21:17:35.983,8554.82,0.001291,49.984533424987085
2019-11-17 21:17:35.983,8554.82,0.001291,49.984533424987085
2019-11-17 21:17:36.008,8553.81,0.036397,50.155848604213006
2019-11-17 21:17:39.015,8553.97,0.08034,49.98463901689706
2019-11-17 21:17:39.015,8553.97,0.08034,49.98463901689706
2019-11-17 21:17:39.480,8554.39,0.109995,50.0102354145342
2019-11-17 21:17:40.299,8554.46,0.011851,50.085178875638825
2019-11-17 21:17:41.740,8554.97,0.0566,50.102200722218164
2019-11-17 21:17:44.206,8554.68,0.001381,50.19215726286417
2019-11-17 21:17:44.206,8554.68,0.001381,50.19215726286417
2019-11-17 21:17:44.257,8554.27,0.508464,50.14610941216453
2019-11-17 21:17:45.287,8553.69,0.005708,50.07974481658711
2019-11-17 21:17:45.287,8553.69,0.005708,50.07974481658711
2019-11-17 21:17:45.850,8553.1,0.005634,49.984758679085495
2019-11-17 21:17:45.993,8553.1,0.006767,49.888445676424894
2019-11-17 21:17:45.993,8553.1,0.006767,49.888445676424894
2019-11-17 21:17:46.217,8553.1,0.00632,49.89181879648422
